ID,段落,发射秒,开花秒,结束秒,点位,区域,子模板,花型,X_cm,Y_cm,发射Z_cm,开花Z_cm,直径_cm,包络顶部_cm
C001,低位引子,0.0,1.2,1.8,F1,front,F_COMET,前台·短彗星,-7000,4500,5000,13000,800,14200.0
C002,低位引子,1.4,2.6,3.2,F2,front,F_COMET,前台·短彗星,0,4500,5000,13000,800,14200.0
C003,低位引子,2.8,4.0,4.6,F3,front,F_COMET,前台·短彗星,7000,4500,5000,13000,800,14200.0
C004,低位引子,4.6,5.8,8.1,F1,front,F_SILVER,前台·小银菊,-7000,4500,5000,11200,3200,13600.0
C005,低位引子,4.6,5.8,8.1,F3,front,F_SILVER,前台·小银菊,7000,4500,5000,11200,3200,13600.0
C006,坝顶展开,7,12,16,P1,dam,P_MS,坝顶·银白金芒菊,-37479,11382,15000,36000,15000,43500.0
C007,坝顶展开,7,12,16,P2,dam,P_MS,坝顶·银白金芒菊,-28819,6382,15000,36000,15000,43500.0
C008,坝顶展开,7,12,16,P3,dam,P_MS,坝顶·银白金芒菊,-19659,2588,15000,36000,15000,43500.0
C009,坝顶展开,7,12,16,P4,dam,P_MS,坝顶·银白金芒菊,-10000,0,15000,36000,15000,43500.0
C010,坝顶展开,7,12,16,P5,dam,P_MS,坝顶·银白金芒菊,0,0,15000,36000,15000,43500.0
C011,坝顶展开,7,12,16,P6,dam,P_MS,坝顶·银白金芒菊,10000,0,15000,36000,15000,43500.0
C012,坝顶展开,7,12,16,P7,dam,P_MS,坝顶·银白金芒菊,19659,2588,15000,36000,15000,43500.0
C013,坝顶展开,7,12,16,P8,dam,P_MS,坝顶·银白金芒菊,28819,6382,15000,36000,15000,43500.0
C014,坝顶展开,7,12,16,P9,dam,P_MS,坝顶·银白金芒菊,37479,11382,15000,36000,15000,43500.0
C015,低位引子,7.7,9.0,11.8,F2,front,F_GOLD,前台·小金花,0,4500,5000,11500,4000,14300.0
C016,低位引子,11,11,14,B1,dam,G_GOLD,坝顶·金锦冠扇形,-33149,8882,15000,18000,10000,23000.0
C017,低位引子,11,11,14,B2,dam,G_GOLD,坝顶·金锦冠扇形,-24239,4485,15000,18000,10000,23000.0
C018,低位引子,11,11,14,B3,dam,G_GOLD,坝顶·金锦冠扇形,-14830,1294,15000,18000,10000,23000.0
C019,低位引子,11,11,14,B4,dam,G_GOLD,坝顶·金锦冠扇形,-5000,0,15000,18000,10000,23000.0
C020,低位引子,11,11,14,B5,dam,G_GOLD,坝顶·金锦冠扇形,5000,0,15000,18000,10000,23000.0
C021,低位引子,11,11,14,B6,dam,G_GOLD,坝顶·金锦冠扇形,14830,1294,15000,18000,10000,23000.0
C022,低位引子,11,11,14,B7,dam,G_GOLD,坝顶·金锦冠扇形,24239,4485,15000,18000,10000,23000.0
C023,低位引子,11,11,14,B8,dam,G_GOLD,坝顶·金锦冠扇形,33149,8882,15000,18000,10000,23000.0
C024,低位引子,11,11,14,P1,dam,G_GOLD,坝顶·金锦冠扇形,-37479,11382,15000,18000,10000,23000.0
C025,低位引子,11,11,14,P2,dam,G_GOLD,坝顶·金锦冠扇形,-28819,6382,15000,18000,10000,23000.0
C026,低位引子,11,11,14,P3,dam,G_GOLD,坝顶·金锦冠扇形,-19659,2588,15000,18000,10000,23000.0
C027,低位引子,11,11,14,P4,dam,G_GOLD,坝顶·金锦冠扇形,-10000,0,15000,18000,10000,23000.0
C028,低位引子,11,11,14,P5,dam,G_GOLD,坝顶·金锦冠扇形,0,0,15000,18000,10000,23000.0
C029,低位引子,11,11,14,P6,dam,G_GOLD,坝顶·金锦冠扇形,10000,0,15000,18000,10000,23000.0
C030,低位引子,11,11,14,P7,dam,G_GOLD,坝顶·金锦冠扇形,19659,2588,15000,18000,10000,23000.0
C031,低位引子,11,11,14,P8,dam,G_GOLD,坝顶·金锦冠扇形,28819,6382,15000,18000,10000,23000.0
C032,低位引子,11,11,14,P9,dam,G_GOLD,坝顶·金锦冠扇形,37479,11382,15000,18000,10000,23000.0
C033,坝顶展开,15,20,24,P1,dam,P_MG,坝顶·金芒菊,-37479,11382,15000,36000,15000,43500.0
C034,坝顶展开,15,20,24,P2,dam,P_MG,坝顶·金芒菊,-28819,6382,15000,36000,15000,43500.0
C035,坝顶展开,15,20,24,P3,dam,P_MG,坝顶·金芒菊,-19659,2588,15000,36000,15000,43500.0
C036,坝顶展开,15,20,24,P4,dam,P_MG,坝顶·金芒菊,-10000,0,15000,36000,15000,43500.0
C037,坝顶展开,15,20,24,P5,dam,P_MG,坝顶·金芒菊,0,0,15000,36000,15000,43500.0
C038,坝顶展开,15,20,24,P6,dam,P_MG,坝顶·金芒菊,10000,0,15000,36000,15000,43500.0
C039,坝顶展开,15,20,24,P7,dam,P_MG,坝顶·金芒菊,19659,2588,15000,36000,15000,43500.0
C040,坝顶展开,15,20,24,P8,dam,P_MG,坝顶·金芒菊,28819,6382,15000,36000,15000,43500.0
C041,坝顶展开,15,20,24,P9,dam,P_MG,坝顶·金芒菊,37479,11382,15000,36000,15000,43500.0
C042,坝顶展开,19,19,22,B1,dam,G_GOLD,坝顶·金锦冠扇形,-33149,8882,15000,18000,10000,23000.0
C043,坝顶展开,19,19,22,B2,dam,G_GOLD,坝顶·金锦冠扇形,-24239,4485,15000,18000,10000,23000.0
C044,坝顶展开,19,19,22,B3,dam,G_GOLD,坝顶·金锦冠扇形,-14830,1294,15000,18000,10000,23000.0
C045,坝顶展开,19,19,22,B4,dam,G_GOLD,坝顶·金锦冠扇形,-5000,0,15000,18000,10000,23000.0
C046,坝顶展开,19,19,22,B5,dam,G_GOLD,坝顶·金锦冠扇形,5000,0,15000,18000,10000,23000.0
C047,坝顶展开,19,19,22,B6,dam,G_GOLD,坝顶·金锦冠扇形,14830,1294,15000,18000,10000,23000.0
C048,坝顶展开,19,19,22,B7,dam,G_GOLD,坝顶·金锦冠扇形,24239,4485,15000,18000,10000,23000.0
C049,坝顶展开,19,19,22,B8,dam,G_GOLD,坝顶·金锦冠扇形,33149,8882,15000,18000,10000,23000.0
C050,坝顶展开,19,19,22,P1,dam,G_GOLD,坝顶·金锦冠扇形,-37479,11382,15000,18000,10000,23000.0
C051,坝顶展开,19,19,22,P2,dam,G_GOLD,坝顶·金锦冠扇形,-28819,6382,15000,18000,10000,23000.0
C052,坝顶展开,19,19,22,P3,dam,G_GOLD,坝顶·金锦冠扇形,-19659,2588,15000,18000,10000,23000.0
C053,坝顶展开,19,19,22,P4,dam,G_GOLD,坝顶·金锦冠扇形,-10000,0,15000,18000,10000,23000.0
C054,坝顶展开,19,19,22,P5,dam,G_GOLD,坝顶·金锦冠扇形,0,0,15000,18000,10000,23000.0
C055,坝顶展开,19,19,22,P6,dam,G_GOLD,坝顶·金锦冠扇形,10000,0,15000,18000,10000,23000.0
C056,坝顶展开,19,19,22,P7,dam,G_GOLD,坝顶·金锦冠扇形,19659,2588,15000,18000,10000,23000.0
C057,坝顶展开,19,19,22,P8,dam,G_GOLD,坝顶·金锦冠扇形,28819,6382,15000,18000,10000,23000.0
C058,坝顶展开,19,19,22,P9,dam,G_GOLD,坝顶·金锦冠扇形,37479,11382,15000,18000,10000,23000.0
C059,坝顶展开,23.9,25,27.3,F2,front,F_LIME,前台·小青柠,0,4500,5000,10500,3000,12800.0
C060,坝顶展开,25.5,29,32,P2,dam,P_LIME,坝顶·小青柠,-28819,6382,15000,30000,9000,34500.0
C061,坝顶展开,25.5,29,32,P8,dam,P_LIME,坝顶·小青柠,28819,6382,15000,30000,9000,34500.0
C062,坝顶展开,30.8,32,34.3,F1,front,F_SILVER,前台·小银菊,-7000,4500,5000,11200,3200,13600.0
C063,坝顶展开,30.8,32,34.3,F3,front,F_SILVER,前台·小银菊,7000,4500,5000,11200,3200,13600.0
C064,坝顶展开,32,34,37,P3,dam,P_SILVER,坝顶·低层小银菊,-19659,2588,15000,23000,9000,27500.0
C065,坝顶展开,32,34,37,P7,dam,P_SILVER,坝顶·低层小银菊,19659,2588,15000,23000,9000,27500.0
C066,上下问答,33,38,42,P2,dam,P_GREEN,坝顶·金蕊青柠,-28819,6382,15000,36000,15000,43500.0
C067,上下问答,33,38,42,P8,dam,P_GREEN,坝顶·金蕊青柠,28819,6382,15000,36000,15000,43500.0
C068,上下问答,39,44,48,P3,dam,P_MS,坝顶·银白金芒菊,-19659,2588,15000,36000,15000,43500.0
C069,上下问答,39,44,48,P7,dam,P_MS,坝顶·银白金芒菊,19659,2588,15000,36000,15000,43500.0
C070,上下问答,39.6,40.7,43.0,F2,front,F_LIME,前台·小青柠,0,4500,5000,10500,3000,12800.0
C071,上下问答,45,50,54,P2,dam,P_GREEN,坝顶·金蕊青柠,-28819,6382,15000,36000,15000,43500.0
C072,上下问答,45,50,54,P8,dam,P_GREEN,坝顶·金蕊青柠,28819,6382,15000,36000,15000,43500.0
C073,上下问答,45.5,46.7,49.0,F1,front,F_SILVER,前台·小银菊,-7000,4500,5000,11200,3200,13600.0
C074,上下问答,45.5,46.7,49.0,F3,front,F_SILVER,前台·小银菊,7000,4500,5000,11200,3200,13600.0
C075,上下问答,51,56,60,P3,dam,P_MS,坝顶·银白金芒菊,-19659,2588,15000,36000,15000,43500.0
C076,上下问答,51,56,60,P7,dam,P_MS,坝顶·银白金芒菊,19659,2588,15000,36000,15000,43500.0
C077,上下问答,51.6,52.7,55.0,F2,front,F_LIME,前台·小青柠,0,4500,5000,10500,3000,12800.0
C078,上下问答,57,62,66,P5,dam,P_MG,坝顶·金芒菊,0,0,15000,36000,15000,43500.0
C079,上下问答,57.5,58.7,61.0,F1,front,F_SILVER,前台·小银菊,-7000,4500,5000,11200,3200,13600.0
C080,上下问答,57.5,58.7,61.0,F3,front,F_SILVER,前台·小银菊,7000,4500,5000,11200,3200,13600.0
C081,双向流动,64.0,66.0,69.0,P1,dam,P_SILVER,坝顶·低层小银菊,-37479,11382,15000,23000,9000,27500.0
C082,双向流动,64.45,66.45,69.45,P2,dam,P_SILVER,坝顶·低层小银菊,-28819,6382,15000,23000,9000,27500.0
C083,双向流动,64.9,66.9,69.9,P3,dam,P_SILVER,坝顶·低层小银菊,-19659,2588,15000,23000,9000,27500.0
C084,双向流动,65.35,67.35,70.35,P4,dam,P_SILVER,坝顶·低层小银菊,-10000,0,15000,23000,9000,27500.0
C085,双向流动,65.8,67.8,70.8,P5,dam,P_SILVER,坝顶·低层小银菊,0,0,15000,23000,9000,27500.0
C086,双向流动,66.25,68.25,71.25,P6,dam,P_SILVER,坝顶·低层小银菊,10000,0,15000,23000,9000,27500.0
C087,双向流动,66.7,68.7,71.7,P7,dam,P_SILVER,坝顶·低层小银菊,19659,2588,15000,23000,9000,27500.0
C088,双向流动,67.15,69.15,72.15,P8,dam,P_SILVER,坝顶·低层小银菊,28819,6382,15000,23000,9000,27500.0
C089,双向流动,67.6,69.6,72.6,P9,dam,P_SILVER,坝顶·低层小银菊,37479,11382,15000,23000,9000,27500.0
C090,双向流动,70.8,72,72.6,F2,front,F_COMET,前台·短彗星,0,4500,5000,13000,800,14200.0
C091,双向流动,72.5,76.0,79.0,P9,dam,P_SPLIT,坝顶·金裂星,37479,11382,15000,30000,9000,34500.0
C092,双向流动,72.95,76.45,79.45,P8,dam,P_SPLIT,坝顶·金裂星,28819,6382,15000,30000,9000,34500.0
C093,双向流动,73.4,76.9,79.9,P7,dam,P_SPLIT,坝顶·金裂星,19659,2588,15000,30000,9000,34500.0
C094,双向流动,73.85,77.35,80.35,P6,dam,P_SPLIT,坝顶·金裂星,10000,0,15000,30000,9000,34500.0
C095,双向流动,74.3,77.8,80.8,P5,dam,P_SPLIT,坝顶·金裂星,0,0,15000,30000,9000,34500.0
C096,双向流动,74.75,78.25,81.25,P4,dam,P_SPLIT,坝顶·金裂星,-10000,0,15000,30000,9000,34500.0
C097,双向流动,75.2,78.7,81.7,P3,dam,P_SPLIT,坝顶·金裂星,-19659,2588,15000,30000,9000,34500.0
C098,双向流动,75.65,79.15,82.15,P2,dam,P_SPLIT,坝顶·金裂星,-28819,6382,15000,30000,9000,34500.0
C099,双向流动,76.1,79.6,82.6,P1,dam,P_SPLIT,坝顶·金裂星,-37479,11382,15000,30000,9000,34500.0
C100,双向流动,80.9,82,83.8,F2,front,F_CRACKLE,前台·短爆裂,0,4500,5000,11200,2400,13200.0
C101,双向流动,83,88,92,P1,dam,P_MG,坝顶·金芒菊,-37479,11382,15000,36000,15000,43500.0
C102,双向流动,83,88,92,P2,dam,P_MG,坝顶·金芒菊,-28819,6382,15000,36000,15000,43500.0
C103,双向流动,83,88,92,P3,dam,P_MG,坝顶·金芒菊,-19659,2588,15000,36000,15000,43500.0
C104,双向流动,83,88,92,P4,dam,P_MG,坝顶·金芒菊,-10000,0,15000,36000,15000,43500.0
C105,双向流动,83,88,92,P5,dam,P_MG,坝顶·金芒菊,0,0,15000,36000,15000,43500.0
C106,双向流动,83,88,92,P6,dam,P_MG,坝顶·金芒菊,10000,0,15000,36000,15000,43500.0
C107,双向流动,83,88,92,P7,dam,P_MG,坝顶·金芒菊,19659,2588,15000,36000,15000,43500.0
C108,双向流动,83,88,92,P8,dam,P_MG,坝顶·金芒菊,28819,6382,15000,36000,15000,43500.0
C109,双向流动,83,88,92,P9,dam,P_MG,坝顶·金芒菊,37479,11382,15000,36000,15000,43500.0
C110,双向流动,87,87,90,B1,dam,G_GOLD,坝顶·金锦冠扇形,-33149,8882,15000,18000,10000,23000.0
C111,双向流动,87,87,90,B2,dam,G_GOLD,坝顶·金锦冠扇形,-24239,4485,15000,18000,10000,23000.0
C112,双向流动,87,87,90,B3,dam,G_GOLD,坝顶·金锦冠扇形,-14830,1294,15000,18000,10000,23000.0
C113,双向流动,87,87,90,B4,dam,G_GOLD,坝顶·金锦冠扇形,-5000,0,15000,18000,10000,23000.0
C114,双向流动,87,87,90,B5,dam,G_GOLD,坝顶·金锦冠扇形,5000,0,15000,18000,10000,23000.0
C115,双向流动,87,87,90,B6,dam,G_GOLD,坝顶·金锦冠扇形,14830,1294,15000,18000,10000,23000.0
C116,双向流动,87,87,90,B7,dam,G_GOLD,坝顶·金锦冠扇形,24239,4485,15000,18000,10000,23000.0
C117,双向流动,87,87,90,B8,dam,G_GOLD,坝顶·金锦冠扇形,33149,8882,15000,18000,10000,23000.0
C118,双向流动,87,87,90,P1,dam,G_GOLD,坝顶·金锦冠扇形,-37479,11382,15000,18000,10000,23000.0
C119,第一次抬升,87,92,96,P1,dam,P_GREEN,坝顶·金蕊青柠,-37479,11382,15000,36000,15000,43500.0
C120,双向流动,87,87,90,P2,dam,G_GOLD,坝顶·金锦冠扇形,-28819,6382,15000,18000,10000,23000.0
C121,双向流动,87,87,90,P3,dam,G_GOLD,坝顶·金锦冠扇形,-19659,2588,15000,18000,10000,23000.0
C122,第一次抬升,87,92,96,P3,dam,P_GREEN,坝顶·金蕊青柠,-19659,2588,15000,36000,15000,43500.0
C123,双向流动,87,87,90,P4,dam,G_GOLD,坝顶·金锦冠扇形,-10000,0,15000,18000,10000,23000.0
C124,双向流动,87,87,90,P5,dam,G_GOLD,坝顶·金锦冠扇形,0,0,15000,18000,10000,23000.0
C125,第一次抬升,87,92,96,P5,dam,P_GREEN,坝顶·金蕊青柠,0,0,15000,36000,15000,43500.0
C126,双向流动,87,87,90,P6,dam,G_GOLD,坝顶·金锦冠扇形,10000,0,15000,18000,10000,23000.0
C127,双向流动,87,87,90,P7,dam,G_GOLD,坝顶·金锦冠扇形,19659,2588,15000,18000,10000,23000.0
C128,第一次抬升,87,92,96,P7,dam,P_GREEN,坝顶·金蕊青柠,19659,2588,15000,36000,15000,43500.0
C129,双向流动,87,87,90,P8,dam,G_GOLD,坝顶·金锦冠扇形,28819,6382,15000,18000,10000,23000.0
C130,双向流动,87,87,90,P9,dam,G_GOLD,坝顶·金锦冠扇形,37479,11382,15000,18000,10000,23000.0
C131,第一次抬升,87,92,96,P9,dam,P_GREEN,坝顶·金蕊青柠,37479,11382,15000,36000,15000,43500.0
C132,第一次抬升,88,96,102,P1,dam,P_LS,坝顶·银彩菊,-37479,11382,15000,48000,23000,59500.0
C133,第一次抬升,88,96,102,P5,dam,P_LS,坝顶·银彩菊,0,0,15000,48000,23000,59500.0
C134,第一次抬升,88,96,102,P9,dam,P_LS,坝顶·银彩菊,37479,11382,15000,48000,23000,59500.0
C135,第一次抬升,89.7,91,93.8,F1,front,F_GOLD,前台·小金花,-7000,4500,5000,11500,4000,14300.0
C136,第一次抬升,89.7,91,93.8,F3,front,F_GOLD,前台·小金花,7000,4500,5000,11500,4000,14300.0
C137,第一次抬升,92.8,94,96.3,F2,front,F_SILVER,前台·小银菊,0,4500,5000,11200,3200,13600.0
C138,第一次抬升,97.9,99.0,100.8,F1,front,F_CRACKLE,前台·短爆裂,-7000,4500,5000,11200,2400,13200.0
C139,第一次抬升,98,103,107,P1,dam,P_MULTI,坝顶·多重菊,-37479,11382,15000,36000,15000,43500.0
C140,第一次抬升,98,103,107,P2,dam,P_MULTI,坝顶·多重菊,-28819,6382,15000,36000,15000,43500.0
C141,第一次抬升,98,103,107,P3,dam,P_MULTI,坝顶·多重菊,-19659,2588,15000,36000,15000,43500.0
C142,第一次抬升,98,103,107,P4,dam,P_MULTI,坝顶·多重菊,-10000,0,15000,36000,15000,43500.0
C143,第一次抬升,98,103,107,P5,dam,P_MULTI,坝顶·多重菊,0,0,15000,36000,15000,43500.0
C144,第一次抬升,98,103,107,P6,dam,P_MULTI,坝顶·多重菊,10000,0,15000,36000,15000,43500.0
C145,第一次抬升,98,103,107,P7,dam,P_MULTI,坝顶·多重菊,19659,2588,15000,36000,15000,43500.0
C146,第一次抬升,98,103,107,P8,dam,P_MULTI,坝顶·多重菊,28819,6382,15000,36000,15000,43500.0
C147,第一次抬升,98,103,107,P9,dam,P_MULTI,坝顶·多重菊,37479,11382,15000,36000,15000,43500.0
C148,第一次抬升,98.25,99.35,101.15,F2,front,F_CRACKLE,前台·短爆裂,0,4500,5000,11200,2400,13200.0
C149,第一次抬升,98.6,99.7,101.5,F3,front,F_CRACKLE,前台·短爆裂,7000,4500,5000,11200,2400,13200.0
C150,低位间奏,111.8,113,115.3,F2,front,F_SILVER,前台·小银菊,0,4500,5000,11200,3200,13600.0
C151,低位间奏,116.9,118,120.3,F1,front,F_LIME,前台·小青柠,-7000,4500,5000,10500,3000,12800.0
C152,低位间奏,116.9,118,120.3,F3,front,F_LIME,前台·小青柠,7000,4500,5000,10500,3000,12800.0
C153,低位间奏,121.7,123,125.8,F2,front,F_GOLD,前台·小金花,0,4500,5000,11500,4000,14300.0
C154,低位间奏,125.8,127.0,129.3,F1,front,F_SILVER,前台·小银菊,-7000,4500,5000,11200,3200,13600.0
C155,低位间奏,126.1,127.3,129.6,F2,front,F_SILVER,前台·小银菊,0,4500,5000,11200,3200,13600.0
C156,低位间奏,126.4,127.6,129.9,F3,front,F_SILVER,前台·小银菊,7000,4500,5000,11200,3200,13600.0
C157,第二次递进,132,137,141,P3,dam,P_MG,坝顶·金芒菊,-19659,2588,15000,36000,15000,43500.0
C158,第二次递进,132,137,141,P5,dam,P_MG,坝顶·金芒菊,0,0,15000,36000,15000,43500.0
C159,第二次递进,132,137,141,P7,dam,P_MG,坝顶·金芒菊,19659,2588,15000,36000,15000,43500.0
C160,第二次递进,133.9,135,137.3,F2,front,F_LIME,前台·小青柠,0,4500,5000,10500,3000,12800.0
C161,第二次递进,135,140,144,P1,dam,P_MULTI,坝顶·多重菊,-37479,11382,15000,36000,15000,43500.0
C162,第二次递进,135,140,144,P3,dam,P_MULTI,坝顶·多重菊,-19659,2588,15000,36000,15000,43500.0
C163,第二次递进,135,140,144,P5,dam,P_MULTI,坝顶·多重菊,0,0,15000,36000,15000,43500.0
C164,第二次递进,135,140,144,P7,dam,P_MULTI,坝顶·多重菊,19659,2588,15000,36000,15000,43500.0
C165,第二次递进,135,140,144,P9,dam,P_MULTI,坝顶·多重菊,37479,11382,15000,36000,15000,43500.0
C166,第二次递进,141.8,143,145.3,F1,front,F_SILVER,前台·小银菊,-7000,4500,5000,11200,3200,13600.0
C167,第二次递进,141.8,143,145.3,F3,front,F_SILVER,前台·小银菊,7000,4500,5000,11200,3200,13600.0
C168,第二次递进,143,148,152,P1,dam,P_GREEN,坝顶·金蕊青柠,-37479,11382,15000,36000,15000,43500.0
C169,第二次递进,143,148,152,P2,dam,P_GREEN,坝顶·金蕊青柠,-28819,6382,15000,36000,15000,43500.0
C170,第二次递进,143,148,152,P3,dam,P_GREEN,坝顶·金蕊青柠,-19659,2588,15000,36000,15000,43500.0
C171,第二次递进,143,148,152,P4,dam,P_GREEN,坝顶·金蕊青柠,-10000,0,15000,36000,15000,43500.0
C172,第二次递进,143,148,152,P5,dam,P_GREEN,坝顶·金蕊青柠,0,0,15000,36000,15000,43500.0
C173,第二次递进,143,148,152,P6,dam,P_GREEN,坝顶·金蕊青柠,10000,0,15000,36000,15000,43500.0
C174,第二次递进,143,148,152,P7,dam,P_GREEN,坝顶·金蕊青柠,19659,2588,15000,36000,15000,43500.0
C175,第二次递进,143,148,152,P8,dam,P_GREEN,坝顶·金蕊青柠,28819,6382,15000,36000,15000,43500.0
C176,第二次递进,143,148,152,P9,dam,P_GREEN,坝顶·金蕊青柠,37479,11382,15000,36000,15000,43500.0
C177,第二次递进,146,154,160,P2,dam,P_LS,坝顶·银彩菊,-28819,6382,15000,48000,23000,59500.0
C178,第二次递进,146,154,160,P5,dam,P_LS,坝顶·银彩菊,0,0,15000,48000,23000,59500.0
C179,第二次递进,146,154,160,P8,dam,P_LS,坝顶·银彩菊,28819,6382,15000,48000,23000,59500.0
C180,第二次递进,148.9,150.0,151.8,F1,front,F_CRACKLE,前台·短爆裂,-7000,4500,5000,11200,2400,13200.0
C181,第二次递进,149.25,150.35,152.15,F2,front,F_CRACKLE,前台·短爆裂,0,4500,5000,11200,2400,13200.0
C182,第二次递进,149.6,150.7,152.5,F3,front,F_CRACKLE,前台·短爆裂,7000,4500,5000,11200,2400,13200.0
C183,第二次递进,155,160,164,P1,dam,P_MG,坝顶·金芒菊,-37479,11382,15000,36000,15000,43500.0
C184,第二次递进,155,160,164,P2,dam,P_MG,坝顶·金芒菊,-28819,6382,15000,36000,15000,43500.0
C185,第二次递进,155,160,164,P3,dam,P_MG,坝顶·金芒菊,-19659,2588,15000,36000,15000,43500.0
C186,第二次递进,155,160,164,P4,dam,P_MG,坝顶·金芒菊,-10000,0,15000,36000,15000,43500.0
C187,第二次递进,155,160,164,P5,dam,P_MG,坝顶·金芒菊,0,0,15000,36000,15000,43500.0
C188,第二次递进,155,160,164,P6,dam,P_MG,坝顶·金芒菊,10000,0,15000,36000,15000,43500.0
C189,第二次递进,155,160,164,P7,dam,P_MG,坝顶·金芒菊,19659,2588,15000,36000,15000,43500.0
C190,第二次递进,155,160,164,P8,dam,P_MG,坝顶·金芒菊,28819,6382,15000,36000,15000,43500.0
C191,第二次递进,155,160,164,P9,dam,P_MG,坝顶·金芒菊,37479,11382,15000,36000,15000,43500.0
C192,第二次递进,155.7,157.0,159.8,F1,front,F_GOLD,前台·小金花,-7000,4500,5000,11500,4000,14300.0
C193,第二次递进,156.0,157.3,160.1,F2,front,F_GOLD,前台·小金花,0,4500,5000,11500,4000,14300.0
C194,第二次递进,156.3,157.6,160.4,F3,front,F_GOLD,前台·小金花,7000,4500,5000,11500,4000,14300.0
C195,金色终章,161,166,170,P1,dam,P_MG,坝顶·金芒菊,-37479,11382,15000,36000,15000,43500.0
C196,金色终章,161,166,170,P2,dam,P_MG,坝顶·金芒菊,-28819,6382,15000,36000,15000,43500.0
C197,金色终章,161,166,170,P3,dam,P_MG,坝顶·金芒菊,-19659,2588,15000,36000,15000,43500.0
C198,金色终章,161,166,170,P4,dam,P_MG,坝顶·金芒菊,-10000,0,15000,36000,15000,43500.0
C199,金色终章,161,166,170,P5,dam,P_MG,坝顶·金芒菊,0,0,15000,36000,15000,43500.0
C200,金色终章,161,166,170,P6,dam,P_MG,坝顶·金芒菊,10000,0,15000,36000,15000,43500.0
C201,金色终章,161,166,170,P7,dam,P_MG,坝顶·金芒菊,19659,2588,15000,36000,15000,43500.0
C202,金色终章,161,166,170,P8,dam,P_MG,坝顶·金芒菊,28819,6382,15000,36000,15000,43500.0
C203,金色终章,161,166,170,P9,dam,P_MG,坝顶·金芒菊,37479,11382,15000,36000,15000,43500.0
C204,第二次递进,161.9,163.0,164.8,F1,front,F_CRACKLE,前台·短爆裂,-7000,4500,5000,11200,2400,13200.0
C205,第二次递进,162.15,163.25,165.05,F2,front,F_CRACKLE,前台·短爆裂,0,4500,5000,11200,2400,13200.0
C206,第二次递进,162.4,163.5,165.3,F3,front,F_CRACKLE,前台·短爆裂,7000,4500,5000,11200,2400,13200.0
C207,金色终章,166.7,168.0,170.8,F1,front,F_GOLD,前台·小金花,-7000,4500,5000,11500,4000,14300.0
C208,金色终章,167.0,168.3,171.1,F2,front,F_GOLD,前台·小金花,0,4500,5000,11500,4000,14300.0
C209,金色终章,167.3,168.6,171.4,F3,front,F_GOLD,前台·小金花,7000,4500,5000,11500,4000,14300.0
C210,金色终章,168.5,172,175,P1,dam,P_SPLIT,坝顶·金裂星,-37479,11382,15000,30000,9000,34500.0
C211,金色终章,168.5,172,175,P3,dam,P_SPLIT,坝顶·金裂星,-19659,2588,15000,30000,9000,34500.0
C212,金色终章,168.5,172,175,P5,dam,P_SPLIT,坝顶·金裂星,0,0,15000,30000,9000,34500.0
C213,金色终章,168.5,172,175,P7,dam,P_SPLIT,坝顶·金裂星,19659,2588,15000,30000,9000,34500.0
C214,金色终章,168.5,172,175,P9,dam,P_SPLIT,坝顶·金裂星,37479,11382,15000,30000,9000,34500.0
C215,金色终章,172,180,187,P1,dam,P_LG,坝顶·金垂柳,-37479,11382,15000,48000,23000,59500.0
C216,金色终章,172,180,187,P2,dam,P_LG,坝顶·金垂柳,-28819,6382,15000,48000,23000,59500.0
C217,金色终章,172,180,187,P3,dam,P_LG,坝顶·金垂柳,-19659,2588,15000,48000,23000,59500.0
C218,金色终章,172,180,187,P4,dam,P_LG,坝顶·金垂柳,-10000,0,15000,48000,23000,59500.0
C219,金色终章,172,180,187,P5,dam,P_LG,坝顶·金垂柳,0,0,15000,48000,23000,59500.0
C220,金色终章,172,180,187,P6,dam,P_LG,坝顶·金垂柳,10000,0,15000,48000,23000,59500.0
C221,金色终章,172,180,187,P7,dam,P_LG,坝顶·金垂柳,19659,2588,15000,48000,23000,59500.0
C222,金色终章,172,180,187,P8,dam,P_LG,坝顶·金垂柳,28819,6382,15000,48000,23000,59500.0
C223,金色终章,172,180,187,P9,dam,P_LG,坝顶·金垂柳,37479,11382,15000,48000,23000,59500.0
C224,金色终章,173.9,175.0,176.8,F1,front,F_CRACKLE,前台·短爆裂,-7000,4500,5000,11200,2400,13200.0
C225,金色终章,174.2,175.3,177.1,F2,front,F_CRACKLE,前台·短爆裂,0,4500,5000,11200,2400,13200.0
C226,金色终章,174.5,175.6,177.4,F3,front,F_CRACKLE,前台·短爆裂,7000,4500,5000,11200,2400,13200.0
C227,金色终章,179,179,182,B1,dam,G_GOLD,坝顶·金锦冠扇形,-33149,8882,15000,18000,10000,23000.0
C228,金色终章,179,179,182,B2,dam,G_GOLD,坝顶·金锦冠扇形,-24239,4485,15000,18000,10000,23000.0
C229,金色终章,179,179,182,B3,dam,G_GOLD,坝顶·金锦冠扇形,-14830,1294,15000,18000,10000,23000.0
C230,金色终章,179,179,182,B4,dam,G_GOLD,坝顶·金锦冠扇形,-5000,0,15000,18000,10000,23000.0
C231,金色终章,179,179,182,B5,dam,G_GOLD,坝顶·金锦冠扇形,5000,0,15000,18000,10000,23000.0
C232,金色终章,179,179,182,B6,dam,G_GOLD,坝顶·金锦冠扇形,14830,1294,15000,18000,10000,23000.0
C233,金色终章,179,179,182,B7,dam,G_GOLD,坝顶·金锦冠扇形,24239,4485,15000,18000,10000,23000.0
C234,金色终章,179,179,182,B8,dam,G_GOLD,坝顶·金锦冠扇形,33149,8882,15000,18000,10000,23000.0
C235,金色终章,179,179,182,P1,dam,G_GOLD,坝顶·金锦冠扇形,-37479,11382,15000,18000,10000,23000.0
C236,金色终章,179,179,182,P2,dam,G_GOLD,坝顶·金锦冠扇形,-28819,6382,15000,18000,10000,23000.0
C237,金色终章,179,179,182,P3,dam,G_GOLD,坝顶·金锦冠扇形,-19659,2588,15000,18000,10000,23000.0
C238,金色终章,179,179,182,P4,dam,G_GOLD,坝顶·金锦冠扇形,-10000,0,15000,18000,10000,23000.0
C239,金色终章,179,179,182,P5,dam,G_GOLD,坝顶·金锦冠扇形,0,0,15000,18000,10000,23000.0
C240,金色终章,179,179,182,P6,dam,G_GOLD,坝顶·金锦冠扇形,10000,0,15000,18000,10000,23000.0
C241,金色终章,179,179,182,P7,dam,G_GOLD,坝顶·金锦冠扇形,19659,2588,15000,18000,10000,23000.0
C242,金色终章,179,179,182,P8,dam,G_GOLD,坝顶·金锦冠扇形,28819,6382,15000,18000,10000,23000.0
C243,金色终章,179,179,182,P9,dam,G_GOLD,坝顶·金锦冠扇形,37479,11382,15000,18000,10000,23000.0
C244,白色收束,185,190,198,P1,dam,P_WALL,坝顶·银白墙,-37479,11382,15000,36000,23000,47500.0
C245,白色收束,185,190,198,P2,dam,P_WALL,坝顶·银白墙,-28819,6382,15000,36000,23000,47500.0
C246,白色收束,185,190,198,P3,dam,P_WALL,坝顶·银白墙,-19659,2588,15000,36000,23000,47500.0
C247,白色收束,185,190,198,P4,dam,P_WALL,坝顶·银白墙,-10000,0,15000,36000,23000,47500.0
C248,白色收束,185,190,198,P5,dam,P_WALL,坝顶·银白墙,0,0,15000,36000,23000,47500.0
C249,白色收束,185,190,198,P6,dam,P_WALL,坝顶·银白墙,10000,0,15000,36000,23000,47500.0
C250,白色收束,185,190,198,P7,dam,P_WALL,坝顶·银白墙,19659,2588,15000,36000,23000,47500.0
C251,白色收束,185,190,198,P8,dam,P_WALL,坝顶·银白墙,28819,6382,15000,36000,23000,47500.0
C252,白色收束,185,190,198,P9,dam,P_WALL,坝顶·银白墙,37479,11382,15000,36000,23000,47500.0
C253,白色收束,187,192,200,P1,dam,P_WALL,坝顶·银白墙,-37479,11382,15000,36000,23000,47500.0
C254,白色收束,187,192,200,P2,dam,P_WALL,坝顶·银白墙,-28819,6382,15000,36000,23000,47500.0
C255,白色收束,187,192,200,P3,dam,P_WALL,坝顶·银白墙,-19659,2588,15000,36000,23000,47500.0
C256,白色收束,187,192,200,P4,dam,P_WALL,坝顶·银白墙,-10000,0,15000,36000,23000,47500.0
C257,白色收束,187,192,200,P5,dam,P_WALL,坝顶·银白墙,0,0,15000,36000,23000,47500.0
C258,白色收束,187,192,200,P6,dam,P_WALL,坝顶·银白墙,10000,0,15000,36000,23000,47500.0
C259,白色收束,187,192,200,P7,dam,P_WALL,坝顶·银白墙,19659,2588,15000,36000,23000,47500.0
C260,白色收束,187,192,200,P8,dam,P_WALL,坝顶·银白墙,28819,6382,15000,36000,23000,47500.0
C261,白色收束,187,192,200,P9,dam,P_WALL,坝顶·银白墙,37479,11382,15000,36000,23000,47500.0
C262,白色收束,189,194,202,P1,dam,P_WALL,坝顶·银白墙,-37479,11382,15000,36000,23000,47500.0
C263,白色收束,189,194,202,P2,dam,P_WALL,坝顶·银白墙,-28819,6382,15000,36000,23000,47500.0
C264,白色收束,189,194,202,P3,dam,P_WALL,坝顶·银白墙,-19659,2588,15000,36000,23000,47500.0
C265,白色收束,189,194,202,P4,dam,P_WALL,坝顶·银白墙,-10000,0,15000,36000,23000,47500.0
C266,白色收束,189,194,202,P5,dam,P_WALL,坝顶·银白墙,0,0,15000,36000,23000,47500.0
C267,白色收束,189,194,202,P6,dam,P_WALL,坝顶·银白墙,10000,0,15000,36000,23000,47500.0
C268,白色收束,189,194,202,P7,dam,P_WALL,坝顶·银白墙,19659,2588,15000,36000,23000,47500.0
C269,白色收束,189,194,202,P8,dam,P_WALL,坝顶·银白墙,28819,6382,15000,36000,23000,47500.0
C270,白色收束,189,194,202,P9,dam,P_WALL,坝顶·银白墙,37479,11382,15000,36000,23000,47500.0
C271,白色收束,191,196,204,P1,dam,P_WALL,坝顶·银白墙,-37479,11382,15000,36000,23000,47500.0
C272,白色收束,191,196,204,P2,dam,P_WALL,坝顶·银白墙,-28819,6382,15000,36000,23000,47500.0
C273,白色收束,191,196,204,P3,dam,P_WALL,坝顶·银白墙,-19659,2588,15000,36000,23000,47500.0
C274,白色收束,191,196,204,P4,dam,P_WALL,坝顶·银白墙,-10000,0,15000,36000,23000,47500.0
C275,白色收束,191,196,204,P5,dam,P_WALL,坝顶·银白墙,0,0,15000,36000,23000,47500.0
C276,白色收束,191,196,204,P6,dam,P_WALL,坝顶·银白墙,10000,0,15000,36000,23000,47500.0
C277,白色收束,191,196,204,P7,dam,P_WALL,坝顶·银白墙,19659,2588,15000,36000,23000,47500.0
C278,白色收束,191,196,204,P8,dam,P_WALL,坝顶·银白墙,28819,6382,15000,36000,23000,47500.0
C279,白色收束,191,196,204,P9,dam,P_WALL,坝顶·银白墙,37479,11382,15000,36000,23000,47500.0
