cue,段落,小节,拍,意图,组,槽位,逐点槽位,顺序,点间隔s,音乐s,演出s,跨度s,锚点来源,贴靠kick,高档点集,中档点集,低档点集,对扫标记
A_S0_01,S0,,,T-8 中心一发彗星：点火,F,F_COMET,,ONE,0.0,-3.0,2.0,0.0,用户给定,,F3,F3,F3,
A_S0_02,S0,,,T-7 向两侧扩一格,F,F_COMET,,ONE,0.0,-2.0,3.0,0.0,用户给定,,F2 F4,F2 F4,F2 F4,
A_S0_03,S0,,,T-6 再扩,F,F_COMET,,ONE,0.0,-1.0,4.0,0.0,用户给定,,F1 F5,F1 F5,F1 F5,
A_S0_04,S0,,,T-5 到边；音乐在此刻进入,F,F_COMET,,ONE,0.0,0.0,5.0,0.0,用户给定,,F0 F6,F0 F6,F0 F6,
A_S0_05,S0,,,T-4 边上小爆裂：折返,F,F_CRACKLE,,ONE,0.0,1.0,6.0,0.0,用户给定,,F0 F6,F0 F6,F0 F6,
A_S0_06,S0,,,T-3 向中心收,F,F_CRACKLE,,ONE,0.0,2.0,7.0,0.0,用户给定,,F1 F5,F1 F5,F1 F5,
A_S0_07,S0,,,T-2 收,F,F_CRACKLE,,ONE,0.0,3.0,8.0,0.0,用户给定,,F2 F4,F2 F4,F2 F4,
A_S0_08,S0,,,T-1 中心银菊：收到一点，留 1 秒静,F,F_SILVER,,ONE,0.0,4.0,9.0,0.0,用户给定,,F3,F3,F3,
A_S1_01,S1,3,0,0 点开花：金芒菊九点从中心向两侧排开,P,M_GOLD,,CO,0.1,5.0,10.0,0.4,用户给定,,P0 P1 P2 P3 P4 P5 P6 P7 P8,P0 P2 P4 P6 P8,P2 P4 P6,
A_S1_03,S1,3,0,前台小金花里→外回应,F,F_GOLD,,CO,0.1,5.1,10.1,0.3,本机检测待试听,,F0 F1 F2 F3 F4 F5 F6,F0 F2 F3 F4 F6,F0 F3 F6,
A_S1_02,S1,3,0,扇形里→外，晚 0.2 s 跟在球花之后,B,FAN_GOLD,按位置取 CENTER/MID/OUTER,CO,0.1,5.2,10.2,0.3,本机检测待试听,,B0 B1 B2 B3 B4 B5 B6 B7,B0 B3 B4 B7,B3 B4,
A_S1_04,S1,4,0,前台彗星左→右扫一遍（低位回应）,F,F_COMET,,LR,0.2,6.7,11.7,1.2,本机检测待试听,6.687,F0 F1 F2 F3 F4 F5 F6,F0 F1 F3 F5 F6,F1 F3 F5,
A_S1_05,S1,5,0,回扫，右→左,F,F_COMET,,RL,0.2,8.3,13.3,1.2,本机检测待试听,8.313,F0 F1 F2 F3 F4 F5 F6,F0 F2 F3 F4 F6,F2 F3 F4,
A_S1_06,S1,6,0,坝顶中间三点小银菊，第一次回到坝顶,P,S_SILVER,,CO,0.2,9.9,14.9,0.2,本机检测待试听,,P3 P4 P5,P3 P4 P5,P4,
A_S1_07,S1,7,0,前台青柠里→外,F,F_LIME,,CO,0.2,11.5,16.5,0.6,本机检测待试听,,F0 F1 F2 F3 F4 F5 F6,F0 F1 F3 F5 F6,F0 F3 F6,
A_S1_08,S1,8,0,坝顶三点小青柠，宽间距,P,S_LIME,,CO,0.2,13.2,18.2,0.2,本机检测待试听,13.166,P1 P4 P7,P4,P4,
A_S1_09,S1,9,0,句尾小抬升：银白金芒菊九点,P,M_SILVER,,CO,0.1,14.8,19.8,0.4,本机检测待试听,,P0 P1 P2 P3 P4 P5 P6 P7 P8,P1 P3 P4 P5 P7,P3 P4 P5,
A_S1_10,S1,9,2,首次银灰扇里→外，接在抬升之后,B,FAN_SILVER13,,CO,0.2,15.6,20.6,0.6,本机检测待试听,,B0 B1 B2 B3 B4 B5 B6 B7,B1 B2 B5 B6,B1 B6,
A_S2_01,S2,10,0,一发中心小银菊，其后空,F,F_SILVER,,ONE,0,16.4,21.4,0.0,本机检测待试听,16.417,F3,F3,F3,
A_S2_02,S2,12,0,两侧一对,F,F_LIME,,CO,0.1,19.7,24.7,0.0,本机检测待试听,19.667,F2 F4,F2 F4,F2 F4,
A_S2_03,S2,14,0,再外一对,F,F_SILVER,,CO,0.1,22.9,27.9,0.0,本机检测待试听,,F1 F5,F1 F5,F1 F5,
A_S2_04,S2,16,2,外→内 pickup，引到推进,F,F_COMET,,OC,0.2,26.9,31.9,0.6,本机检测待试听,,F0 F1 F2 F3 F4 F5 F6,F0 F1 F3 F5 F6,F1 F3 F5,
A_S3_01,S3,17,0,坝顶偶数点小青柠,P,S_LIME,,CO,0.2,27.7,32.7,0.4,本机检测待试听,,P0 P2 P4 P6 P8,P0 P2 P4 P6 P8,P2 P4 P6,
A_S3_02,S3,18,0,前台回应,F,F_COMET,,RL,0.2,29.4,34.4,1.2,本机检测待试听,29.373,F0 F1 F2 F3 F4 F5 F6,F0 F2 F3 F4 F6,F2 F3 F4,
A_S3_03,S3,19,0,坝顶奇数点小银菊外→内,P,S_SILVER,,OC,0.2,31.0,36.0,0.2,本机检测待试听,,P1 P3 P5 P7,P1 P3 P5 P7,P1 P7,
A_S3_04,S3,20,0,前台里→外,F,F_SILVER,,CO,0.2,32.6,37.6,0.6,本机检测待试听,32.601,F0 F1 F2 F3 F4 F5 F6,F0 F1 F3 F5 F6,F0 F3 F6,
A_S3_05,S3,21,0,重音：金裂星九点,P,S_SPLIT,,CO,0.1,34.2,39.2,0.4,本机检测待试听,,P0 P1 P2 P3 P4 P5 P6 P7 P8,P0 P2 P4 P6 P8,P0 P4 P8,
A_S3_06,S3,21,0,前台跟一圈小金花,F,F_GOLD,,CO,0.1,34.4,39.4,0.3,本机检测待试听,,F0 F1 F2 F3 F4 F5 F6,F0 F2 F3 F4 F6,F1 F3 F5,
A_S3_07,S3,22,0,前台外→内,F,F_LIME,,OC,0.2,35.9,40.9,0.6,本机检测待试听,35.852,F0 F1 F2 F3 F4 F5 F6,F0 F1 F3 F5 F6,F2 F3 F4,
A_S3_08,S3,23,0,三点小青柠左→右慢扫,P,S_LIME,,LR,0.3,37.5,42.5,0.6,本机检测待试听,,P1 P4 P7,P1 P4 P7,P4,
A_S3_09,S3,24,2,快速左→右一串，引到下一段,F,F_COMET,,LR,0.1,39.9,44.9,0.6,本机检测待试听,,F0 F1 F2 F3 F4 F5 F6,F0 F2 F3 F4 F6,F0 F3 F6,
A_S4_01,S4,25,0,中号三点起步,P,M_GOLD,,CO,0.2,40.7,45.7,0.2,本机检测待试听,,P2 P4 P6,P2 P4 P6,P2 P4 P6,
A_S4_02,S4,25,2,前台应答,F,F_GOLD,,CO,0.2,41.5,46.5,0.6,本机检测待试听,,F0 F1 F2 F3 F4 F5 F6,F0 F1 F3 F5 F6,F1 F3 F5,
A_S4_03,S4,26,0,金扇第一次左→右扫过坝顶,B,FAN_GOLD,按位置取 CENTER/MID/OUTER,LR,0.2,42.4,47.4,1.4,本机检测待试听,42.353,B0 B1 B2 B3 B4 B5 B6 B7,B0 B3 B4 B7,B2 B5,
A_S4_04,S4,27,0,银白金芒菊四点左→右,P,M_SILVER,,LR,0.2,44.0,49.0,0.6,本机检测待试听,43.955,P1 P3 P5 P7,P1 P3 P5 P7,P1 P7,
A_S4_05,S4,28,0,金扇右→左回扫,B,FAN_GOLD,按位置取 CENTER/MID/OUTER,RL,0.2,45.6,50.6,1.4,本机检测待试听,45.581,B0 B1 B2 B3 B4 B5 B6 B7,B1 B2 B5 B6,B0 B7,
A_S4_06,S4,29,0,金芒菊九点,P,M_GOLD,,CO,0.1,47.2,52.2,0.4,本机检测待试听,47.206,P0 P1 P2 P3 P4 P5 P6 P7 P8,P0 P2 P4 P6 P8,P0 P4 P8,
A_S4_07,S4,29,2,前台外→内,F,F_SILVER,,OC,0.1,48.0,53.0,0.3,本机检测待试听,48.019,F0 F1 F2 F3 F4 F5 F6,F0 F2 F3 F4 F6,F2 F3 F4,
A_S4_09,S4,30,0,红彗星扇对扫：P 排左→右 + B 排右→左,B,FAN_RED5,,RL,0.2,48.8,53.8,1.4,本机检测待试听,48.832,B0 B1 B2 B3 B4 B5 B6 B7,B0 B3 B4 B7,B3 B4,X30.0
A_S4_08,S4,30,0,红彗星扇对扫：P 排左→右 + B 排右→左,P,FAN_RED5,,LR,0.2,48.8,53.8,1.6,本机检测待试听,48.832,P0 P1 P2 P3 P4 P5 P6 P7 P8,P1 P3 P4 P5 P7,P3 P4 P5,X30.0
A_S4_10,S4,31,2,多重菊五点外→内,P,M_MULTI,,OC,0.2,51.3,56.3,0.4,本机检测待试听,51.27,P0 P2 P4 P6 P8,P0 P2 P4 P6 P8,P2 P4 P6,
A_S4_11,S4,32,0,前台外→内收紧，下一小节释放,F,F_GOLD,,OC,0.1,52.1,57.1,0.3,本机检测待试听,52.082,F0 F1 F2 F3 F4 F5 F6,F0 F1 F3 F5 F6,F0 F3 F6,
A_S5_04,S5,33,0,前台银菊里→外,F,F_SILVER,,CO,0.1,53.7,58.7,0.3,本机检测待试听,53.708,F0 F1 F2 F3 F4 F5 F6,F0 F2 F3 F4 F6,F1 F3 F5,
A_S5_01,S5,33,0,高潮 I：金银交错九点里→外,P,M_GOLD,P0=M_GOLD P1=M_SILVER P2=M_GOLD P3=M_SILVER P4=M_GOLD P5=M_SILVER P6=M_GOLD P7=M_SILVER P8=M_GOLD,CO,0.1,53.7,58.7,0.4,本机检测待试听,53.708,P0 P1 P2 P3 P4 P5 P6 P7 P8,P1 P3 P4 P5 P7,P1 P4 P7,
A_S5_03,S5,33,2,银灰扇对扫，第一程,B,FAN_SILVER13,,RL,0.2,54.5,59.5,1.4,本机检测待试听,,B0 B1 B2 B3 B4 B5 B6 B7,B1 B2 B5 B6,B1 B6,X33.2
A_S5_02,S5,33,2,银灰扇对扫，第一程,P,FAN_SILVER13,,LR,0.2,54.5,59.5,1.6,本机检测待试听,,P0 P1 P2 P3 P4 P5 P6 P7 P8,P0 P2 P4 P6 P8,P0 P4 P8,X33.2
A_S5_06,S5,34,2,银灰扇对扫，反向回程,B,FAN_SILVER13,,LR,0.2,56.1,61.1,1.4,本机检测待试听,,B0 B1 B2 B3 B4 B5 B6 B7,B0 B3 B4 B7,B2 B5,X34.2
A_S5_05,S5,34,2,银灰扇对扫，反向回程,P,FAN_SILVER13,,RL,0.2,56.1,61.1,1.6,本机检测待试听,,P0 P1 P2 P3 P4 P5 P6 P7 P8,P1 P3 P4 P5 P7,P3 P4 P5,X34.2
A_S5_07,S5,35,0,金蕊青柠五点左→右,P,M_GREEN,,LR,0.2,56.9,61.9,0.8,本机检测待试听,,P0 P2 P4 P6 P8,P0 P2 P4 P6 P8,P2 P4 P6,
A_S5_08,S5,35,2,前台反向回应,F,F_LIME,,RL,0.2,57.7,62.7,1.2,本机检测待试听,,F0 F1 F2 F3 F4 F5 F6,F0 F1 F3 F5 F6,F2 F3 F4,
A_S5_09,S5,36,0,多重菊四点右→左,P,M_MULTI,,RL,0.2,58.6,63.6,0.6,本机检测待试听,58.561,P1 P3 P5 P7,P1 P3 P5 P7,P1 P7,
A_S5_10,S5,36,2,前台彗星里→外,F,F_COMET,,CO,0.1,59.4,64.4,0.3,本机检测待试听,,F0 F1 F2 F3 F4 F5 F6,F0 F2 F3 F4 F6,F0 F3 F6,
A_S5_11,S5,37,0,金扇里→外,B,FAN_GOLD,按位置取 CENTER/MID/OUTER,CO,0.2,60.2,65.2,0.6,本机检测待试听,,B0 B1 B2 B3 B4 B5 B6 B7,B1 B2 B5 B6,B0 B7,
A_S5_12,S5,37,2,中间三点金芒菊,P,M_GOLD,,CO,0.2,61.0,66.0,0.2,本机检测待试听,,P3 P4 P5,P4,P4,
A_S5_13,S5,38,0,金扇外→内（两头相向）,B,FAN_GOLD,按位置取 CENTER/MID/OUTER,OC,0.2,61.8,66.8,0.6,本机检测待试听,61.812,B0 B1 B2 B3 B4 B5 B6 B7,B0 B3 B4 B7,B3 B4,
A_S5_15,S5,39,0,前台外→内,F,F_SILVER,,OC,0.1,63.4,68.4,0.3,本机检测待试听,,F0 F1 F2 F3 F4 F5 F6,F0 F1 F3 F5 F6,F1 F3 F5,
A_S5_14,S5,39,0,银白金芒菊九点外→内,P,M_SILVER,,OC,0.1,63.4,68.4,0.4,本机检测待试听,,P0 P1 P2 P3 P4 P5 P6 P7 P8,P1 P3 P4 P5 P7,P3 P4 P5,
A_S5_16,S5,40,0,最强鼓点前的大号三点：收在静里,P,L_SILVER,,CO,0.2,65.0,70.0,0.2,本机检测待试听,65.039,P1 P4 P7,P4,P4,
A_S6_01,S6,42,0,前台青柠里→外，打破静,F,F_LIME,,CO,0.2,68.3,73.3,0.6,本机检测待试听,68.29,F0 F1 F2 F3 F4 F5 F6,F0 F2 F3 F4 F6,F2 F3 F4,
A_S6_02,S6,44,0,坝顶一对小青柠,P,S_LIME,,CO,0.1,71.6,76.6,0.0,本机检测待试听,71.564,P2 P6,P2 P6,P2 P6,
A_S6_03,S6,44,2,前台一对,F,F_SILVER,,CO,0.1,72.4,77.4,0.0,本机检测待试听,72.377,F2 F4,F2 F4,F2 F4,
A_S6_04,S6,46,0,中心一对金扇,B,FAN_GOLD,按位置取 CENTER/MID/OUTER,CO,0.1,74.8,79.8,0.0,本机检测待试听,74.768,B3 B4,B3 B4,B3 B4,
A_S6_05,S6,47,2,前台左→右 pickup,F,F_COMET,,LR,0.2,77.2,82.2,1.2,本机检测待试听,,F0 F1 F2 F3 F4 F5 F6,F0 F2 F3 F4 F6,F1 F3 F5,
A_S7_01,S7,48,0,坝顶四点金芒菊,P,M_GOLD,,CO,0.2,78.0,83.0,0.2,本机检测待试听,78.019,P1 P3 P5 P7,P3 P5,P3 P5,
A_S7_02,S7,48,2,前台里→外,F,F_GOLD,,CO,0.2,78.8,83.8,0.6,本机检测待试听,,F0 F1 F2 F3 F4 F5 F6,F0 F1 F3 F5 F6,F2 F3 F4,
A_S7_03,S7,49,0,红彗星扇左→右,B,FAN_RED5,,LR,0.2,79.6,84.6,1.4,本机检测待试听,79.644,B0 B1 B2 B3 B4 B5 B6 B7,B0 B3 B4 B7,B2 B5,
A_S7_04,S7,50,0,金蕊青柠五点右→左,P,M_GREEN,,RL,0.2,81.3,86.3,0.8,本机检测待试听,81.27,P0 P2 P4 P6 P8,P4,P4,
A_S7_06,S7,51,2,红彗星扇对扫：P 排右→左 + B 排左→右,B,FAN_RED5,,LR,0.2,83.7,88.7,1.4,本机检测待试听,83.731,B0 B1 B2 B3 B4 B5 B6 B7,B1 B2 B5 B6,B0 B7,X51.2
A_S7_05,S7,51,2,红彗星扇对扫：P 排右→左 + B 排左→右,P,FAN_RED5,,RL,0.2,83.7,88.7,1.6,本机检测待试听,83.731,P0 P1 P2 P3 P4 P5 P6 P7 P8,P0 P2 P4 P6 P8,P2 P4 P6,X51.2
A_S7_07,S7,52,0,多重菊九点,P,M_MULTI,,CO,0.1,84.5,89.5,0.4,本机检测待试听,84.521,P0 P1 P2 P3 P4 P5 P6 P7 P8,P1 P3 P4 P5 P7,P1 P4 P7,
A_S7_08,S7,52,2,前台里→外,F,F_SILVER,,CO,0.1,85.4,90.4,0.3,本机检测待试听,85.357,F0 F1 F2 F3 F4 F5 F6,F0 F2 F3 F4 F6,F0 F3 F6,
A_S7_09,S7,53,2,金扇左→右,B,FAN_GOLD,按位置取 CENTER/MID/OUTER,LR,0.2,87.0,92.0,1.4,本机检测待试听,86.982,B0 B1 B2 B3 B4 B5 B6 B7,B0 B3 B4 B7,B3 B4,
A_S7_10,S7,54,0,外侧四点金裂星,P,S_SPLIT,,OC,0.2,87.7,92.7,0.2,本机检测待试听,87.748,P0 P2 P6 P8,P0 P2 P6 P8,P0 P8,
A_S7_12,S7,55,2,金扇对扫,B,FAN_GOLD,按位置取 CENTER/MID/OUTER,LR,0.2,90.2,95.2,1.4,本机检测待试听,,B0 B1 B2 B3 B4 B5 B6 B7,B1 B2 B5 B6,B1 B6,X55.2
A_S7_11,S7,55,2,金扇对扫,P,FAN_GOLD,按位置取 CENTER/MID/OUTER,RL,0.2,90.2,95.2,1.6,本机检测待试听,,P0 P1 P2 P3 P4 P5 P6 P7 P8,P1 P3 P4 P5 P7,P3 P4 P5,X55.2
A_S7_13,S7,56,0,银白金芒菊四点左→右,P,M_SILVER,,LR,0.2,91.0,96.0,0.6,本机检测待试听,90.999,P1 P3 P5 P7,P3 P5,P3 P5,
A_S7_14,S7,56,2,前台左→右,F,F_LIME,,LR,0.2,91.8,96.8,1.2,本机检测待试听,,F0 F1 F2 F3 F4 F5 F6,F0 F1 F3 F5 F6,F1 F3 F5,
A_S7_15,S7,57,0,重音：金与金蕊青柠交错九点,P,M_GOLD,P0=M_GOLD P1=M_GREEN P2=M_GOLD P3=M_GREEN P4=M_GOLD P5=M_GREEN P6=M_GOLD P7=M_GREEN P8=M_GOLD,CO,0.1,92.6,97.6,0.4,本机检测待试听,92.624,P0 P1 P2 P3 P4 P5 P6 P7 P8,P1 P3 P4 P5 P7,P1 P4 P7,
A_S7_16,S7,58,0,金扇外→内，向中心收,B,FAN_GOLD,按位置取 CENTER/MID/OUTER,OC,0.2,94.2,99.2,0.6,本机检测待试听,94.25,B0 B1 B2 B3 B4 B5 B6 B7,B0 B3 B4 B7,B2 B5,
A_S7_17,S7,59,2,前台快速一串 pickup,F,F_COMET,,LR,0.1,96.7,101.7,0.6,本机检测待试听,96.688,F0 F1 F2 F3 F4 F5 F6,F0 F2 F3 F4 F6,F2 F3 F4,
A_S8_01,S8,60,0,中心单发,F,F_SILVER,,ONE,0,97.5,102.5,0.0,本机检测待试听,97.477,F3,F3,F3,
A_S8_02,S8,60,2,坝顶中心单发,P,S_SILVER,,ONE,0,98.3,103.3,0.0,本机检测待试听,98.29,P4,P4,P4,
A_S8_03,S8,61,0,中心一对金扇,B,FAN_GOLD,按位置取 CENTER/MID/OUTER,CO,0.1,99.1,104.1,0.0,本机检测待试听,99.103,B3 B4,B3 B4,B3 B4,
A_S8_04,S8,62,0,中间三点金芒菊,P,M_GOLD,,CO,0.2,100.7,105.7,0.2,本机检测待试听,100.728,P3 P4 P5,P3 P4 P5,P3 P4 P5,
A_S8_05,S8,63,0,前台里→外,F,F_GOLD,,CO,0.1,102.4,107.4,0.3,本机检测待试听,102.377,F0 F1 F2 F3 F4 F5 F6,F0 F2 F3 F4 F6,F1 F3 F5,
A_S8_R1,S8,,,鼓点七连第 1 下（外→内交替，落在中心）,F,F_CRACKLE,,ONE,0,104.0,109.0,0.0,本机检测待试听,,F0,F0,F0,
A_S8_R2,S8,,,鼓点七连第 2 下（外→内交替，落在中心）,F,F_CRACKLE,,ONE,0,104.3,109.3,0.0,本机检测待试听,,F6,F6,F6,
A_S8_R3,S8,,,鼓点七连第 3 下（外→内交替，落在中心）,F,F_CRACKLE,,ONE,0,104.5,109.5,0.0,本机检测待试听,,F1,F1,F1,
A_S8_R4,S8,,,鼓点七连第 4 下（外→内交替，落在中心）,F,F_CRACKLE,,ONE,0,104.8,109.8,0.0,本机检测待试听,,F5,F5,F5,
A_S8_R5,S8,,,鼓点七连第 5 下（外→内交替，落在中心）,F,F_CRACKLE,,ONE,0,105.1,110.1,0.0,本机检测待试听,,F2,F2,F2,
A_S8_R6,S8,,,鼓点七连第 6 下（外→内交替，落在中心）,F,F_CRACKLE,,ONE,0,105.3,110.3,0.0,本机检测待试听,,F4,F4,F4,
A_S8_R7,S8,,,鼓点七连第 7 下（外→内交替，落在中心）,F,F_SILVER,,ONE,0,105.6,110.6,0.0,本机检测待试听,,F3,F3,F3,
A_S9_02,S9,66,0,扇形里→外,B,FAN_GOLD,按位置取 CENTER/MID/OUTER,CO,0.1,107.2,112.2,0.3,用户给定+检测,107.207,B0 B1 B2 B3 B4 B5 B6 B7,B0 B3 B4 B7,B3 B4,
A_S9_01,S9,66,0,高潮 II 入口（穿过风暴）：金垂柳 P1/P4/P7 + 金芒菊其余，里→外,P,M_GOLD,P0=M_GOLD P1=L_WILLOW P2=M_GOLD P3=M_GOLD P4=L_WILLOW P5=M_GOLD P6=M_GOLD P7=L_WILLOW P8=M_GOLD,CO,0.1,107.2,112.2,0.4,用户给定+检测,107.207,P0 P1 P2 P3 P4 P5 P6 P7 P8,P0 P2 P4 P6 P8,P2 P4 P6,
A_S9_03,S9,66,0,前台小金花,F,F_GOLD,,CO,0.1,107.3,112.3,0.3,用户给定+检测,107.207,F0 F1 F2 F3 F4 F5 F6,F0 F2 F3 F4 F6,F0 F3 F6,
A_S9_05,S9,67,0,金扇对扫，第一程,B,FAN_GOLD,按位置取 CENTER/MID/OUTER,RL,0.2,108.8,113.8,1.4,本机检测待试听,,B0 B1 B2 B3 B4 B5 B6 B7,B1 B2 B5 B6,B1 B6,X67.0
A_S9_04,S9,67,0,金扇对扫，第一程,P,FAN_GOLD,按位置取 CENTER/MID/OUTER,LR,0.2,108.8,113.8,1.6,本机检测待试听,,P0 P1 P2 P3 P4 P5 P6 P7 P8,P1 P3 P4 P5 P7,P1 P4 P7,X67.0
A_S9_07,S9,68,0,前台外→内,F,F_SILVER,,OC,0.1,110.5,115.5,0.3,本机检测待试听,110.457,F0 F1 F2 F3 F4 F5 F6,F0 F1 F3 F5 F6,F1 F3 F5,
A_S9_06,S9,68,0,银白金芒菊九点外→内（收拢）,P,M_SILVER,,OC,0.1,110.5,115.5,0.4,本机检测待试听,110.457,P0 P1 P2 P3 P4 P5 P6 P7 P8,P0 P2 P4 P6 P8,P0 P4 P8,
A_S9_08,S9,68,2,金扇左→右,B,FAN_GOLD,按位置取 CENTER/MID/OUTER,LR,0.2,111.3,116.3,1.4,本机检测待试听,,B0 B1 B2 B3 B4 B5 B6 B7,B0 B3 B4 B7,B2 B5,
A_S9_09,S9,69,0,多重菊九点,P,M_MULTI,,CO,0.1,112.1,117.1,0.4,本机检测待试听,,P0 P1 P2 P3 P4 P5 P6 P7 P8,P1 P3 P4 P5 P7,P3 P4 P5,
A_S9_10,S9,69,2,前台里→外,F,F_LIME,,CO,0.1,112.9,117.9,0.3,本机检测待试听,,F0 F1 F2 F3 F4 F5 F6,F0 F2 F3 F4 F6,F2 F3 F4,
A_S9_12,S9,70,0,红彗星扇对扫：反向,B,FAN_RED5,,LR,0.2,113.7,118.7,1.4,本机检测待试听,113.708,B0 B1 B2 B3 B4 B5 B6 B7,B1 B2 B5 B6,B0 B7,X70.0
A_S9_11,S9,70,0,红彗星扇对扫：反向,P,FAN_RED5,,RL,0.2,113.7,118.7,1.6,本机检测待试听,113.708,P0 P1 P2 P3 P4 P5 P6 P7 P8,P0 P2 P4 P6 P8,P2 P4 P6,X70.0
A_S9_14,S9,71,0,前台外→内,F,F_GOLD,,OC,0.1,115.3,120.3,0.3,本机检测待试听,,F0 F1 F2 F3 F4 F5 F6,F0 F1 F3 F5 F6,F0 F3 F6,
A_S9_13,S9,71,0,大号银菊在两翼 P0/P8，其余金芒菊，外→内,P,M_GOLD,P0=L_SILVER P1=M_GOLD P2=M_GOLD P3=M_GOLD P4=M_GOLD P5=M_GOLD P6=M_GOLD P7=M_GOLD P8=L_SILVER,OC,0.1,115.3,120.3,0.4,本机检测待试听,,P0 P1 P2 P3 P4 P5 P6 P7 P8,P1 P3 P4 P5 P7,P1 P4 P7,
A_S9_15,S9,72,0,红彗星扇右→左快扫（0.7 s）,B,FAN_RED5,,RL,0.1,116.9,121.9,0.7,本机检测待试听,116.936,B0 B1 B2 B3 B4 B5 B6 B7,B0 B3 B4 B7,B3 B4,
A_S9_16,S9,73,0,高频峰：金芒菊九点,P,M_GOLD,,CO,0.1,118.6,123.6,0.4,本机检测待试听,,P0 P1 P2 P3 P4 P5 P6 P7 P8,P0 P2 P4 P6 P8,P0 P4 P8,
A_S9_17,S9,73,0,扇形里→外,B,FAN_GOLD,按位置取 CENTER/MID/OUTER,CO,0.1,118.7,123.7,0.3,本机检测待试听,,B0 B1 B2 B3 B4 B5 B6 B7,B1 B2 B5 B6,B1 B6,
A_S9_18,S9,73,0,前台里→外,F,F_GOLD,,CO,0.1,118.7,123.7,0.3,本机检测待试听,,F0 F1 F2 F3 F4 F5 F6,F0 F2 F3 F4 F6,F1 F3 F5,
A_S9_19,S9,74,0,小回落：前台中间三点,F,F_SILVER,,CO,0.2,120.2,125.2,0.2,本机检测待试听,120.186,F2 F3 F4,F3,F2 F3 F4,
A_S9_20,S9,75,0,金蕊青柠五点左→右,P,M_GREEN,,LR,0.2,121.8,126.8,0.8,本机检测待试听,,P0 P2 P4 P6 P8,P4,P4,
A_S9_21,S9,76,0,银白金芒菊四点右→左,P,M_SILVER,,RL,0.2,123.4,128.4,0.6,本机检测待试听,123.414,P1 P3 P5 P7,P3 P5,P3 P5,
A_S9_22,S9,76,2,前台左→右,F,F_LIME,,LR,0.2,124.2,129.2,1.2,本机检测待试听,124.227,F0 F1 F2 F3 F4 F5 F6,F0 F2 F3 F4 F6,F0 F3 F6,
A_S9_24,S9,77,2,银灰扇对扫,B,FAN_SILVER13,,RL,0.2,125.9,130.9,1.4,本机检测待试听,125.875,B0 B1 B2 B3 B4 B5 B6 B7,B0 B3 B4 B7,B2 B5,X77.2
A_S9_23,S9,77,2,银灰扇对扫,P,FAN_SILVER13,,LR,0.2,125.9,130.9,1.6,本机检测待试听,125.875,P0 P1 P2 P3 P4 P5 P6 P7 P8,P1 P3 P4 P5 P7,P1 P4 P7,X77.2
A_S9_25,S9,78,0,多重菊九点外→内,P,M_MULTI,,OC,0.1,126.7,131.7,0.4,本机检测待试听,,P0 P1 P2 P3 P4 P5 P6 P7 P8,P0 P2 P4 P6 P8,P0 P4 P8,
A_S9_26,S9,78,2,前台爆裂里→外,F,F_CRACKLE,,CO,0.1,127.5,132.5,0.3,本机检测待试听,127.478,F0 F1 F2 F3 F4 F5 F6,F0 F1 F3 F5 F6,F1 F3 F5,
A_S9_27,S9,79,0,大号银菊三点,P,L_SILVER,,CO,0.2,128.3,133.3,0.2,本机检测待试听,,P2 P4 P6,P4,P4,
A_S9_28,S9,79,2,金扇里→外,B,FAN_GOLD,按位置取 CENTER/MID/OUTER,CO,0.2,129.1,134.1,0.6,本机检测待试听,,B0 B1 B2 B3 B4 B5 B6 B7,B1 B2 B5 B6,B0 B7,
A_S9_30,S9,80,2,金扇对扫：反向,B,FAN_GOLD,按位置取 CENTER/MID/OUTER,LR,0.2,130.7,135.7,1.4,本机检测待试听,,B0 B1 B2 B3 B4 B5 B6 B7,B0 B3 B4 B7,B3 B4,X80.2
A_S9_29,S9,80,2,金扇对扫：反向,P,FAN_GOLD,按位置取 CENTER/MID/OUTER,RL,0.2,130.7,135.7,1.6,本机检测待试听,,P0 P1 P2 P3 P4 P5 P6 P7 P8,P0 P2 P4 P6 P8,P2 P4 P6,X80.2
A_S9_31,S9,81,0,金墙：金垂柳九点里→外，高潮 II 收尾,P,L_WILLOW,,CO,0.1,131.5,136.5,0.4,本机检测待试听,,P0 P1 P2 P3 P4 P5 P6 P7 P8,P1 P3 P4 P5 P7,P1 P4 P7,
A_S9_32,S9,81,0,扇形里→外,B,FAN_GOLD,按位置取 CENTER/MID/OUTER,CO,0.1,131.6,136.6,0.3,本机检测待试听,,B0 B1 B2 B3 B4 B5 B6 B7,B1 B2 B5 B6,B1 B6,
A_S9_33,S9,81,0,前台里→外,F,F_GOLD,,CO,0.1,131.6,136.6,0.3,本机检测待试听,,F0 F1 F2 F3 F4 F5 F6,F0 F2 F3 F4 F6,F2 F3 F4,
A_S10_01,S10,82,0,回落：前台里→外,F,F_SILVER,,CO,0.2,133.2,138.2,0.6,本机检测待试听,,F0 F1 F2 F3 F4 F5 F6,F0 F1 F3 F5 F6,F0 F3 F6,
A_S10_02,S10,83,0,中心一对金扇,B,FAN_GOLD,按位置取 CENTER/MID/OUTER,CO,0.1,134.8,139.8,0.0,本机检测待试听,,B3 B4,B3 B4,B3 B4,
A_S10_03,S10,84,0,金蕊青柠三点，宽间隔,P,M_GREEN,,CO,0.3,136.4,141.4,0.3,本机检测待试听,136.417,P1 P4 P7,P4,P4,
A_S10_04,S10,84,2,前台左→右,F,F_LIME,,LR,0.2,137.2,142.2,1.2,本机检测待试听,,F0 F1 F2 F3 F4 F5 F6,F0 F2 F3 F4 F6,F1 F3 F5,
A_S10_05,S10,85,0,金芒菊五点里→外,P,M_GOLD,,CO,0.2,138.0,143.0,0.4,本机检测待试听,,P0 P2 P4 P6 P8,P4,P4,
A_S10_06,S10,85,2,红彗星扇右→左,B,FAN_RED5,,RL,0.2,138.8,143.8,1.4,本机检测待试听,138.832,B0 B1 B2 B3 B4 B5 B6 B7,B1 B2 B5 B6,B0 B7,
A_S10_07,S10,86,0,小静：一发中心彗星,F,F_COMET,,ONE,0,139.6,144.6,0.0,本机检测待试听,139.645,F3,F3,F3,
A_S10_08,S10,87,0,银白金芒菊四点外→内,P,M_SILVER,,OC,0.2,141.3,146.3,0.2,本机检测待试听,,P1 P3 P5 P7,P3 P5,P3 P5,
A_S10_09,S10,87,2,前台里→外,F,F_SILVER,,CO,0.2,142.1,147.1,0.6,本机检测待试听,,F0 F1 F2 F3 F4 F5 F6,F0 F2 F3 F4 F6,F0 F3 F6,
A_S10_11,S10,88,0,金扇对扫,B,FAN_GOLD,按位置取 CENTER/MID/OUTER,RL,0.2,142.9,147.9,1.4,本机检测待试听,142.896,B0 B1 B2 B3 B4 B5 B6 B7,B0 B3 B4 B7,B3 B4,X88.0
A_S10_10,S10,88,0,金扇对扫,P,FAN_GOLD,按位置取 CENTER/MID/OUTER,LR,0.2,142.9,147.9,1.6,本机检测待试听,142.896,P0 P1 P2 P3 P4 P5 P6 P7 P8,P1 P3 P4 P5 P7,P1 P4 P7,X88.0
A_S10_12,S10,89,0,小峰一：金芒菊与多重菊交错九点,P,M_GOLD,P0=M_GOLD P1=M_MULTI P2=M_GOLD P3=M_MULTI P4=M_GOLD P5=M_MULTI P6=M_GOLD P7=M_MULTI P8=M_GOLD,CO,0.1,144.5,149.5,0.4,本机检测待试听,144.521,P0 P1 P2 P3 P4 P5 P6 P7 P8,P0 P2 P4 P6 P8,P0 P4 P8,
A_S10_13,S10,89,0,前台小金花,F,F_GOLD,,CO,0.1,144.6,149.6,0.3,本机检测待试听,144.521,F0 F1 F2 F3 F4 F5 F6,F0 F1 F3 F5 F6,F1 F3 F5,
A_S10_14,S10,90,0,金扇外→内（两头相向）,B,FAN_GOLD,按位置取 CENTER/MID/OUTER,OC,0.2,146.1,151.1,0.6,本机检测待试听,146.146,B0 B1 B2 B3 B4 B5 B6 B7,B1 B2 B5 B6,B1 B6,
A_S10_15,S10,90,2,前台右→左,F,F_COMET,,RL,0.2,146.9,151.9,1.2,本机检测待试听,146.936,F0 F1 F2 F3 F4 F5 F6,F0 F2 F3 F4 F6,F2 F3 F4,
A_S10_16,S10,91,2,多重菊五点外→内,P,M_MULTI,,OC,0.2,148.6,153.6,0.4,本机检测待试听,,P0 P2 P4 P6 P8,P4,P4,
A_S10_18,S10,92,2,银灰扇慢对扫（间隔 0.3 s）,B,FAN_SILVER13,,LR,0.3,150.2,155.2,2.1,本机检测待试听,,B0 B1 B2 B3 B4 B5 B6 B7,B0 B3 B4 B7,B2 B5,X92.2
A_S10_17,S10,92,2,银灰扇慢对扫（间隔 0.3 s）,P,FAN_SILVER13,,RL,0.3,150.2,155.2,2.4,本机检测待试听,,P0 P1 P2 P3 P4 P5 P6 P7 P8,P0 P2 P4 P6 P8,P2 P4 P6,X92.2
A_S10_20,S10,93,0,前台外→内,F,F_SILVER,,OC,0.1,151.0,156.0,0.3,本机检测待试听,150.999,F0 F1 F2 F3 F4 F5 F6,F0 F1 F3 F5 F6,F0 F3 F6,
A_S10_19,S10,93,0,小峰二：银白金芒菊九点,P,M_SILVER,,CO,0.1,151.0,156.0,0.4,本机检测待试听,150.999,P0 P1 P2 P3 P4 P5 P6 P7 P8,P1 P3 P4 P5 P7,P1 P4 P7,
A_S10_21,S10,94,2,银灰扇里→外（接在慢对扫之后，同色）,B,FAN_SILVER13,,CO,0.2,153.4,158.4,0.6,本机检测待试听,,B0 B1 B2 B3 B4 B5 B6 B7,B1 B2 B5 B6,B0 B7,
A_S10_22,S10,94,3,前台快速一串,F,F_COMET,,LR,0.1,153.8,158.8,0.6,本机检测待试听,153.832,F0 F1 F2 F3 F4 F5 F6,F0 F2 F3 F4 F6,F1 F3 F5,
A_S10_23,S10,95,0,小峰三：大号金垂柳三点（高频峰）,P,L_WILLOW,,CO,0.2,154.2,159.2,0.2,本机检测待试听,154.227,P2 P4 P6,P2 P4 P6,P4,
A_S10_24,S10,95,2,金扇左→右,B,FAN_GOLD,按位置取 CENTER/MID/OUTER,LR,0.2,155.0,160.0,1.4,本机检测待试听,,B0 B1 B2 B3 B4 B5 B6 B7,B0 B3 B4 B7,B3 B4,
A_S10_25,S10,96,0,金芒菊五点左→右,P,M_GOLD,,LR,0.2,155.9,160.9,0.8,本机检测待试听,155.852,P0 P2 P4 P6 P8,P4,P4,
A_S10_26,S10,96,2,前台右→左,F,F_GOLD,,RL,0.2,156.7,161.7,1.2,本机检测待试听,,F0 F1 F2 F3 F4 F5 F6,F0 F1 F3 F5 F6,F2 F3 F4,
A_S10_27,S10,97,0,金蕊青柠九点,P,M_GREEN,,CO,0.1,157.5,162.5,0.4,本机检测待试听,157.501,P0 P1 P2 P3 P4 P5 P6 P7 P8,P0 P2 P4 P6 P8,P2 P4 P6,
A_S10_29,S10,97,2,金扇对扫,B,FAN_GOLD,按位置取 CENTER/MID/OUTER,RL,0.2,158.3,163.3,1.4,本机检测待试听,,B0 B1 B2 B3 B4 B5 B6 B7,B1 B2 B5 B6,B1 B6,X97.2
A_S10_28,S10,97,2,金扇对扫,P,FAN_GOLD,按位置取 CENTER/MID/OUTER,LR,0.2,158.3,163.3,1.6,本机检测待试听,,P0 P1 P2 P3 P4 P5 P6 P7 P8,P1 P3 P4 P5 P7,P1 P4 P7,X97.2
A_S10_30,S10,98,0,前台外→内,F,F_LIME,,OC,0.2,159.1,164.1,0.6,本机检测待试听,159.126,F0 F1 F2 F3 F4 F5 F6,F0 F2 F3 F4 F6,F0 F3 F6,
A_S10_31,S10,99,0,小静：一发中心银菊,F,F_SILVER,,ONE,0,160.7,165.7,0.0,本机检测待试听,,F3,F3,F3,
A_S10_32,S10,100,2,pickup：前台快速一串,F,F_COMET,,LR,0.1,163.2,168.2,0.6,本机检测待试听,,F0 F1 F2 F3 F4 F5 F6,F0 F2 F3 F4 F6,F2 F3 F4,
A_S10_33,S10,100,3,两头相向收拢，贴着终章入口,P,S_SILVER,,OC,0.1,163.6,168.6,0.4,本机检测待试听,,P0 P1 P2 P3 P4 P5 P6 P7 P8,P0 P2 P4 P6 P8,P0 P4 P8,
A_S11_01,S11,101,0,终章入口：银墙九点里→外,P,L_SILVER,,CO,0.1,164.0,169.0,0.4,本机检测待试听,163.979,P0 P1 P2 P3 P4 P5 P6 P7 P8,P1 P3 P4 P5 P7,P3 P4 P5,
A_S11_02,S11,101,0,扇形里→外,B,FAN_GOLD,按位置取 CENTER/MID/OUTER,CO,0.1,164.1,169.1,0.3,本机检测待试听,163.979,B0 B1 B2 B3 B4 B5 B6 B7,B0 B3 B4 B7,B2 B5,
A_S11_03,S11,101,0,前台银菊,F,F_SILVER,,CO,0.1,164.1,169.1,0.3,本机检测待试听,163.979,F0 F1 F2 F3 F4 F5 F6,F0 F1 F3 F5 F6,F0 F3 F6,
A_S11_05,S11,102,0,金扇对扫,B,FAN_GOLD,按位置取 CENTER/MID/OUTER,RL,0.2,165.6,170.6,1.4,本机检测待试听,165.581,B0 B1 B2 B3 B4 B5 B6 B7,B1 B2 B5 B6,B0 B7,X102.0
A_S11_04,S11,102,0,金扇对扫,P,FAN_GOLD,按位置取 CENTER/MID/OUTER,LR,0.2,165.6,170.6,1.6,本机检测待试听,165.581,P0 P1 P2 P3 P4 P5 P6 P7 P8,P0 P2 P4 P6 P8,P2 P4 P6,X102.0
A_S11_07,S11,103,0,前台外→内,F,F_GOLD,,OC,0.1,167.2,172.2,0.3,本机检测待试听,,F0 F1 F2 F3 F4 F5 F6,F0 F2 F3 F4 F6,F1 F3 F5,
A_S11_06,S11,103,0,金银交错九点外→内,P,M_GOLD,P0=M_GOLD P1=M_SILVER P2=M_GOLD P3=M_SILVER P4=M_GOLD P5=M_SILVER P6=M_GOLD P7=M_SILVER P8=M_GOLD,OC,0.1,167.2,172.2,0.4,本机检测待试听,,P0 P1 P2 P3 P4 P5 P6 P7 P8,P1 P3 P4 P5 P7,P1 P4 P7,
A_S11_09,S11,104,0,银灰扇对扫：反向,B,FAN_SILVER13,,LR,0.2,168.8,173.8,1.4,本机检测待试听,,B0 B1 B2 B3 B4 B5 B6 B7,B0 B3 B4 B7,B3 B4,X104.0
A_S11_08,S11,104,0,银灰扇对扫：反向,P,FAN_SILVER13,,RL,0.2,168.8,173.8,1.6,本机检测待试听,,P0 P1 P2 P3 P4 P5 P6 P7 P8,P0 P2 P4 P6 P8,P0 P4 P8,X104.0
A_S11_10,S11,104,2,前台快速一串,F,F_COMET,,LR,0.1,169.6,174.6,0.6,本机检测待试听,169.645,F0 F1 F2 F3 F4 F5 F6,F0 F1 F3 F5 F6,F2 F3 F4,
A_S11_11,S11,105,0,金墙九点里→外,P,L_WILLOW,,CO,0.1,170.4,175.4,0.4,本机检测待试听,,P0 P1 P2 P3 P4 P5 P6 P7 P8,P1 P3 P4 P5 P7,P3 P4 P5,
A_S11_12,S11,105,0,银灰扇外→内（金墙配银扇，与上一程同色）,B,FAN_SILVER13,,OC,0.1,170.5,175.5,0.3,本机检测待试听,,B0 B1 B2 B3 B4 B5 B6 B7,B1 B2 B5 B6,B1 B6,
A_S11_13,S11,105,0,前台里→外,F,F_GOLD,,CO,0.1,170.5,175.5,0.3,本机检测待试听,,F0 F1 F2 F3 F4 F5 F6,F0 F2 F3 F4 F6,F0 F3 F6,
A_S11_14,S11,106,0,红彗星扇左→右,B,FAN_RED5,,LR,0.2,172.1,177.1,1.4,本机检测待试听,172.083,B0 B1 B2 B3 B4 B5 B6 B7,B0 B3 B4 B7,B2 B5,
A_S11_15,S11,106,2,前台右→左,F,F_SILVER,,RL,0.2,172.9,177.9,1.2,本机检测待试听,,F0 F1 F2 F3 F4 F5 F6,F0 F1 F3 F5 F6,F1 F3 F5,
A_S11_16,S11,107,0,多重菊九点,P,M_MULTI,,CO,0.1,173.7,178.7,0.4,本机检测待试听,,P0 P1 P2 P3 P4 P5 P6 P7 P8,P0 P2 P4 P6 P8,P2 P4 P6,
A_S11_17,S11,107,2,前台里→外,F,F_LIME,,CO,0.1,174.5,179.5,0.3,本机检测待试听,,F0 F1 F2 F3 F4 F5 F6,F0 F2 F3 F4 F6,F2 F3 F4,
A_S11_19,S11,108,0,金扇对扫,B,FAN_GOLD,按位置取 CENTER/MID/OUTER,RL,0.2,175.3,180.3,1.4,本机检测待试听,175.311,B0 B1 B2 B3 B4 B5 B6 B7,B1 B2 B5 B6,B0 B7,X108.0
A_S11_18,S11,108,0,金扇对扫,P,FAN_GOLD,按位置取 CENTER/MID/OUTER,LR,0.2,175.3,180.3,1.6,本机检测待试听,175.311,P0 P1 P2 P3 P4 P5 P6 P7 P8,P1 P3 P4 P5 P7,P1 P4 P7,X108.0
A_S11_20,S11,108,2,前台快速一串,F,F_COMET,,RL,0.1,176.1,181.1,0.6,本机检测待试听,,F0 F1 F2 F3 F4 F5 F6,F0 F1 F3 F5 F6,F0 F3 F6,
A_S11_21,S11,109,0,银墙九点外→内（收拢）,P,L_SILVER,,OC,0.1,176.9,181.9,0.4,本机检测待试听,,P0 P1 P2 P3 P4 P5 P6 P7 P8,P0 P2 P4 P6 P8,P0 P4 P8,
A_S11_22,S11,109,0,金扇里→外（接在金扇对扫之后，同色）,B,FAN_GOLD,按位置取 CENTER/MID/OUTER,CO,0.1,177.0,182.0,0.3,本机检测待试听,,B0 B1 B2 B3 B4 B5 B6 B7,B0 B3 B4 B7,B3 B4,
A_S11_23,S11,110,0,金蕊青柠与金芒菊交错,P,M_GREEN,P0=M_GREEN P1=M_GOLD P2=M_GREEN P3=M_GOLD P4=M_GREEN P5=M_GOLD P6=M_GREEN P7=M_GOLD P8=M_GREEN,CO,0.1,178.6,183.6,0.4,本机检测待试听,178.561,P0 P1 P2 P3 P4 P5 P6 P7 P8,P1 P3 P4 P5 P7,P3 P4 P5,
A_S11_24,S11,110,2,前台外→内,F,F_LIME,,OC,0.2,179.4,184.4,0.6,本机检测待试听,179.374,F0 F1 F2 F3 F4 F5 F6,F0 F2 F3 F4 F6,F1 F3 F5,
A_S11_26,S11,111,0,红彗星扇对扫：反向,B,FAN_RED5,,LR,0.2,180.2,185.2,1.4,本机检测待试听,,B0 B1 B2 B3 B4 B5 B6 B7,B1 B2 B5 B6,B1 B6,X111.0
A_S11_25,S11,111,0,红彗星扇对扫：反向,P,FAN_RED5,,RL,0.2,180.2,185.2,1.6,本机检测待试听,,P0 P1 P2 P3 P4 P5 P6 P7 P8,P0 P2 P4 P6 P8,P2 P4 P6,X111.0
A_S11_28,S11,112,2,前台爆裂里→外,F,F_CRACKLE,,CO,0.1,182.6,187.6,0.3,本机检测待试听,,F0 F1 F2 F3 F4 F5 F6,F0 F1 F3 F5 F6,F2 F3 F4,
A_S11_27,S11,112,2,金裂星九点快速左→右（0.8 s 扫完）,P,S_SPLIT,,LR,0.1,182.6,187.6,0.8,本机检测待试听,,P0 P1 P2 P3 P4 P5 P6 P7 P8,P1 P3 P4 P5 P7,P1 P4 P7,
A_S11_29,S11,113,0,金墙九点,P,L_WILLOW,,CO,0.1,183.4,188.4,0.4,本机检测待试听,,P0 P1 P2 P3 P4 P5 P6 P7 P8,P0 P2 P4 P6 P8,P0 P4 P8,
A_S11_30,S11,113,0,扇形里→外,B,FAN_GOLD,按位置取 CENTER/MID/OUTER,CO,0.1,183.5,188.5,0.3,本机检测待试听,,B0 B1 B2 B3 B4 B5 B6 B7,B0 B3 B4 B7,B2 B5,
A_S11_31,S11,113,0,前台,F,F_GOLD,,CO,0.1,183.5,188.5,0.3,本机检测待试听,,F0 F1 F2 F3 F4 F5 F6,F0 F2 F3 F4 F6,F0 F3 F6,
A_S11_32,S11,114,0,小凹：只留前台外→内（能量略落）,F,F_SILVER,,OC,0.1,185.0,190.0,0.3,本机检测待试听,185.04,F0 F1 F2 F3 F4 F5 F6,F0 F1 F3 F5 F6,F1 F3 F5,
A_S11_33,S11,115,0,银墙第一程（低版本）,P,L_SILVER,,CO,0.1,186.7,191.7,0.4,本机检测待试听,,P0 P1 P2 P3 P4 P5 P6 P7 P8,P1 P3 P4 P5 P7,P3 P4 P5,
A_S11_34,S11,116,0,银墙第二程（中版本）外→内,P,L_SILVER,,OC,0.1,188.3,193.3,0.4,本机检测待试听,188.291,P0 P1 P2 P3 P4 P5 P6 P7 P8,P0 P2 P4 P6 P8,P2 P4 P6,
A_S11_35,S11,116,2,金扇快速左→右 0.7 s,B,FAN_GOLD,按位置取 CENTER/MID/OUTER,LR,0.1,189.1,194.1,0.7,本机检测待试听,,B0 B1 B2 B3 B4 B5 B6 B7,B1 B2 B5 B6,B0 B7,
A_S11_38,S11,117,0,前台银菊,F,F_SILVER,,CO,0.1,189.9,194.9,0.3,本机检测待试听,,F0 F1 F2 F3 F4 F5 F6,F0 F2 F3 F4 F6,F2 F3 F4,
A_S11_36,S11,117,0,银墙第三程（高版本）,P,L_SILVER,,CO,0.1,189.9,194.9,0.4,本机检测待试听,,P0 P1 P2 P3 P4 P5 P6 P7 P8,P1 P3 P4 P5 P7,P1 P4 P7,
A_S11_37,S11,117,2,金扇快速右→左 0.7 s,B,FAN_GOLD,按位置取 CENTER/MID/OUTER,RL,0.1,190.7,195.7,0.7,本机检测待试听,,B0 B1 B2 B3 B4 B5 B6 B7,B0 B3 B4 B7,B3 B4,
A_S12_02,S12,118,0,扇形里→外，间隔拉宽,B,FAN_GOLD,按位置取 CENTER/MID/OUTER,CO,0.2,191.6,196.6,0.6,本机检测待试听,191.565,B0 B1 B2 B3 B4 B5 B6 B7,B1 B2 B5 B6,B1 B6,
A_S12_03,S12,118,0,前台里→外,F,F_GOLD,,CO,0.2,191.6,196.6,0.6,本机检测待试听,191.565,F0 F1 F2 F3 F4 F5 F6,F0 F1 F3 F5 F6,F0 F3 F6,
A_S12_01,S12,118,0,最后的金墙：金垂柳九点，间隔拉宽,P,L_WILLOW,,CO,0.2,191.6,196.6,0.8,本机检测待试听,191.565,P0 P1 P2 P3 P4 P5 P6 P7 P8,P0 P2 P4 P6 P8,P0 P4 P8,
A_S12_04,S12,119,0,落雨：前台左→右,F,F_GOLD,,LR,0.2,193.2,198.2,1.2,本机检测待试听,,F0 F1 F2 F3 F4 F5 F6,F0 F2 F3 F4 F6,F1 F3 F5,
A_S12_05,S12,120,0,坝顶三点金芒菊，间隔 0.3 s,P,M_GOLD,,CO,0.3,194.8,199.8,0.3,本机检测待试听,194.792,P2 P4 P6,P4,P4,
A_S12_06,S12,121,0,前台里→外,F,F_SILVER,,CO,0.2,196.4,201.4,0.6,本机检测待试听,196.418,F0 F1 F2 F3 F4 F5 F6,F0 F1 F3 F5 F6,F2 F3 F4,
A_S12_07,S12,122,0,坝顶四点小银菊,P,S_SILVER,,CO,0.2,198.0,203.0,0.2,本机检测待试听,198.043,P1 P3 P5 P7,P3 P5,P3 P5,
A_S12_08,S12,123,0,前台外→内,F,F_LIME,,OC,0.2,199.6,204.6,0.6,本机检测待试听,,F0 F1 F2 F3 F4 F5 F6,F0 F2 F3 F4 F6,F0 F3 F6,
A_S12_09,S12,124,0,收尾：中心一发大号金垂柳,P,L_WILLOW,,ONE,0,201.3,206.3,0.0,本机检测待试听,201.271,P4,P4,P4,
A_S12_10,S12,124,0,中心一对金扇,B,FAN_GOLD,按位置取 CENTER/MID/OUTER,CO,0.1,201.4,206.4,0.0,本机检测待试听,201.271,B3 B4,B3 B4,B3 B4,
A_S12_11,S12,124,0,前台中心小金花,F,F_GOLD,,ONE,0,201.4,206.4,0.0,本机检测待试听,201.271,F3,F3,F3,
