"id","key","sourceSection","kind","label","short","emitter","module","unit","sectionCondition","fieldCondition","target"
"000-shellNo","shellNo","规格","select","号数","号数","效果","规格","","P => !isTrail(P) && !isPhys(P) && !isEmit(P)","P => !isGround(P)","参数 / 当前层 / 层设置"
"001-duration","duration","开花与燃烧","number","序列时长","序列时长","效果","规格","s","P => familyOf(P.type) === 'aerial'","","参数 / 当前层 / 层设置"
"001c-info:endInfo","info:endInfo","开花与燃烧","info","火花灭完","火花灭完","效果","规格","","P => familyOf(P.type) === 'aerial'","","参数 / 当前层 / 层设置"
"002-seed","seed","开花与燃烧","number","随机种子","随机种子","效果","规格","","P => familyOf(P.type) === 'aerial'","","参数 / 当前层 / 层设置"
"003-stars","stars","开花与燃烧","number","星数","星数","星","生成","颗","P => familyOf(P.type) === 'aerial'","","参数 / 当前层 / 发射器 / 星"
"004-burstR0","burstR0","开花与燃烧","number","起始半径","起始半径","星","形状","m","P => familyOf(P.type) === 'aerial'","","参数 / 当前层 / 发射器 / 星"
"005-v0","v0","开花与燃烧","number","初速","初速","星","初速","m/s","P => familyOf(P.type) === 'aerial'","","参数 / 当前层 / 发射器 / 星"
"006-vt","vt","开花与燃烧","number","终端速度","终端速度","星","受力","m/s","P => familyOf(P.type) === 'aerial'","","参数 / 当前层 / 发射器 / 星"
"007-grav","grav","开花与燃烧","number","重力倍率","重力倍率","星","受力","×","P => familyOf(P.type) === 'aerial'","","参数 / 当前层 / 发射器 / 星"
"008-speedJit","speedJit","开花与燃烧","number","初速随机","初速随机","星","初速","%","P => familyOf(P.type) === 'aerial'","","参数 / 当前层 / 发射器 / 星"
"009-dirJit","dirJit","开花与燃烧","number","方向随机","方向随机","星","初速","°","P => familyOf(P.type) === 'aerial'","","参数 / 当前层 / 发射器 / 星"
"010-burn","burn","开花与燃烧","number","燃烧时间","燃烧时间","星","寿命","s","P => familyOf(P.type) === 'aerial'","","参数 / 当前层 / 发射器 / 星"
"011-burnJit","burnJit","开花与燃烧","number","燃烧时间随机","燃烧时间随机","星","寿命","%","P => familyOf(P.type) === 'aerial'","","参数 / 当前层 / 发射器 / 星"
"012-fade","fade","开花与燃烧","number","渐隐比例","渐隐比例","星","亮度","","P => familyOf(P.type) === 'aerial'","","参数 / 当前层 / 发射器 / 星"
"013-lastFlare","lastFlare","开花与燃烧","number","熄灭前闪亮","熄灭前闪亮","星","亮度","","P => familyOf(P.type) === 'aerial'","","参数 / 当前层 / 发射器 / 星"
"014-flash","flash","开花与燃烧","number","开花闪光","亮度","开花闪光","闪光","","P => familyOf(P.type) === 'aerial'","","参数 / 当前层 / 发射器 / 开花闪光"
"014b-flashSize","flashSize","开花与燃烧","number","开花闪光大小","大小","开花闪光","闪光","×","P => familyOf(P.type) === 'aerial'","","参数 / 当前层 / 发射器 / 开花闪光"
"460-26-flashR","flashR","开花与燃烧","number","开花闪光半径","半径","开花闪光","大小","m","P => familyOf(P.type) === 'aerial'","","参数 / 当前层 / 发射器 / 开花闪光"
"460-27-flashTau","flashTau","开花与燃烧","number","开花闪光衰减时间","衰减","开花闪光","亮度","s","P => familyOf(P.type) === 'aerial'","","参数 / 当前层 / 发射器 / 开花闪光"
"460-28-flashLife","flashLife","开花与燃烧","number","开花闪光寿命","寿命","开花闪光","寿命","s","P => familyOf(P.type) === 'aerial'","","参数 / 当前层 / 发射器 / 开花闪光"
"460-95-flashBrightCurve","flashBrightCurve","开花与燃烧","curve","开花闪光亮度随寿命","随寿命","开花闪光","亮度","","P => familyOf(P.type) === 'aerial'","","参数 / 当前层 / 发射器 / 开花闪光"
"460-100-flashSizeCurve","flashSizeCurve","开花与燃烧","curve","开花闪光大小随寿命","随寿命","开花闪光","大小","","P => familyOf(P.type) === 'aerial'","","参数 / 当前层 / 发射器 / 开花闪光"
"015-pattern","pattern","形状","select","开花图案","开花图案","星","形状","","P => isAir(P) || P.type === 'shikake'","P => familyOf(P.type) === 'aerial'","参数 / 当前层 / 发射器 / 星"
"016-pattern","pattern","形状","select","灯芯图案","灯芯图案","星","形状","","P => isAir(P) || P.type === 'shikake'","P => P.type === 'shikake'","参数 / 当前层 / 发射器 / 星"
"017-text","text","形状","text","文字","文字","星","形状","","P => isAir(P) || P.type === 'shikake'","P => P.pattern === 'text'","参数 / 当前层 / 发射器 / 星"
"018-tilt","tilt","形状","number","倾斜","倾斜","星","形状","°","P => isAir(P) || P.type === 'shikake'","P => P.pattern !== 'sphere' && P.pattern !== 'half'","参数 / 当前层 / 发射器 / 星"
"019-ringFrac","ringFrac","形状","number","环上星比例","环上星比例","星","形状","","P => isAir(P) || P.type === 'shikake'","P => P.pattern === 'saturn'","参数 / 当前层 / 发射器 / 星"
"020-waterRefl","waterRefl","形状","number","水面倒影","水面倒影","效果","场景","","P => isAir(P) || P.type === 'shikake'","P => familyOf(P.type) === 'aerial'","参数 / 当前层 / 层设置"
"021-wind","wind","物理扰动","number","风速","风速","效果","环境","m/s","P => !isGround(P) && isSeq(P)","","参数 / 当前层 / 层设置"
"022-turb","turb","物理扰动","number","湍流强度","湍流强度","效果","环境","m/s","P => !isGround(P) && isSeq(P)","","参数 / 当前层 / 层设置"
"023-turbScale","turbScale","物理扰动","number","湍流尺度","湍流尺度","效果","环境","m","P => !isGround(P) && isSeq(P)","","参数 / 当前层 / 层设置"
"024-tailDiffuse","tailDiffuse","物理扰动","number","尾迹扩散","扩散","火花","受力","m/s","P => !isGround(P) && isSeq(P)","P => familyOf(P.type) === 'aerial'","参数 / 当前层 / 发射器 / 火花"
"025-tailDiffuseScale","tailDiffuseScale","物理扰动","number","扩散尺度","扩散尺度","火花","受力","m","P => !isGround(P) && isSeq(P)","P => isAir(P) && +P.tailDiffuse > 0","参数 / 当前层 / 发射器 / 火花"
"026-massLoss","massLoss","物理扰动","number","燃烧减质量","燃烧减质量","星","受力","","P => !isGround(P) && isSeq(P)","P => familyOf(P.type) === 'aerial'","参数 / 当前层 / 发射器 / 星"
"027-shellVx","shellVx","物理扰动","number","玉体水平速度","水平速度","效果","玉体","m/s","P => !isGround(P) && isSeq(P)","P => familyOf(P.type) === 'aerial'","参数 / 当前层 / 层设置"
"028-shellVy","shellVy","物理扰动","number","玉体竖直速度","竖直速度","效果","玉体","m/s","P => !isGround(P) && isSeq(P)","P => familyOf(P.type) === 'aerial'","参数 / 当前层 / 层设置"
"029-shellSpin","shellSpin","物理扰动","number","玉体自旋","自旋","效果","玉体","rad/s","P => !isGround(P) && isSeq(P)","P => familyOf(P.type) === 'aerial'","参数 / 当前层 / 层设置"
"033-ignDelay","ignDelay","星效果","number","点火延迟","点火延迟","星","生成","s","P => familyOf(P.type) === 'aerial'","","参数 / 当前层 / 发射器 / 星"
"034-ignJit","ignJit","星效果","number","点火延迟随机","点火延迟随机","星","生成","%","P => familyOf(P.type) === 'aerial'","","参数 / 当前层 / 发射器 / 星"
"035-ignSeed","ignSeed","星效果","number","点火随机种子","点火随机种子","星","生成","","P => familyOf(P.type) === 'aerial'","P => P.ignDelay > 0","参数 / 当前层 / 发射器 / 星"
"036-keepFrac","keepFrac","星效果","number","发光星比例","发光星比例","星","生成","×","P => familyOf(P.type) === 'aerial'","","参数 / 当前层 / 发射器 / 星"
"037-afterBurn","afterBurn","星效果","number","第二段燃烧时间","第二段燃烧时间","星","寿命","s","P => familyOf(P.type) === 'aerial'","","参数 / 当前层 / 发射器 / 星"
"038-afterJit","afterJit","星效果","number","第二段随机","第二段随机","星","寿命","%","P => familyOf(P.type) === 'aerial'","P => P.afterBurn > 0","参数 / 当前层 / 发射器 / 星"
"039-headDim","headDim","星效果","number","前段亮度","前段亮度","星","亮度","×","P => familyOf(P.type) === 'aerial'","","参数 / 当前层 / 发射器 / 星"
"040-headDimUntil","headDimUntil","星效果","number","前段结束","前段结束","星","亮度","s","P => familyOf(P.type) === 'aerial'","","参数 / 当前层 / 发射器 / 星"
"041-strobeHz","strobeHz","星效果","number","点灭频率","频率","星","点灭","Hz","P => familyOf(P.type) === 'aerial'","","参数 / 当前层 / 发射器 / 星"
"042-strobeDuty","strobeDuty","星效果","number","点灭亮占比","亮占比","星","点灭","","P => familyOf(P.type) === 'aerial'","P => P.strobeHz > 0","参数 / 当前层 / 发射器 / 星"
"043-strobeStart","strobeStart","星效果","number","点灭开始","开始时刻","星","点灭","×燃烧","P => familyOf(P.type) === 'aerial'","P => P.strobeHz > 0","参数 / 当前层 / 发射器 / 星"
"044-glitter","glitter","星效果","number","辉星强度","强度","火花","辉星","","P => familyOf(P.type) === 'aerial'","","参数 / 当前层 / 发射器 / 火花"
"045-glitterDelay","glitterDelay","星效果","number","辉星延迟","延迟","火花","辉星","s","P => familyOf(P.type) === 'aerial'","P => P.glitter > 0","参数 / 当前层 / 发射器 / 火花"
"046-crackle","crackle","星效果","number","爆裂数量","数量","爆裂","生成","粒","P => familyOf(P.type) === 'aerial'","","参数 / 当前层 / 发射器 / 爆裂"
"047-crackleDelay","crackleDelay","星效果","number","爆裂延迟","延迟","爆裂","生成","s","P => familyOf(P.type) === 'aerial'","P => P.crackle > 0","参数 / 当前层 / 发射器 / 爆裂"
"047-crackleR","crackleR","星效果","number","爆裂范围","范围","爆裂","形状","m","P => familyOf(P.type) === 'aerial'","P => P.crackle > 0","参数 / 当前层 / 发射器 / 爆裂"
"047-crackleV","crackleV","星效果","number","爆裂速度","速度","爆裂","初速","m/s","P => familyOf(P.type) === 'aerial'","P => P.crackle > 0","参数 / 当前层 / 发射器 / 爆裂"
"048-branch","branch","星效果","number","松叶分叉数","分叉数","分叉火花","生成","支","P => familyOf(P.type) === 'aerial'","","参数 / 当前层 / 发射器 / 分叉火花"
"049-branchAt","branchAt","星效果","number","分叉时刻","分叉时刻","分叉火花","生成","×寿命","P => familyOf(P.type) === 'aerial'","P => P.branch > 0","参数 / 当前层 / 发射器 / 分叉火花"
"050-flutter","flutter","星效果","number","飘落摆动","摆动","星","飘落","m/s","P => familyOf(P.type) === 'aerial'","","参数 / 当前层 / 发射器 / 星"
"051-flutterHz","flutterHz","星效果","number","摆动频率","摆动频率","星","飘落","Hz","P => familyOf(P.type) === 'aerial'","P => P.flutter > 0","参数 / 当前层 / 发射器 / 星"
"460-00-crackleDelayJit","crackleDelayJit","星效果","number","爆裂延迟随机","延迟随机","爆裂","生成","%","P => familyOf(P.type) === 'aerial'","P => P.crackle > 0","参数 / 当前层 / 发射器 / 爆裂"
"460-01-crackleRIn","crackleRIn","星效果","number","爆裂最近距离","最近（× 范围）","爆裂","形状","","P => familyOf(P.type) === 'aerial'","P => P.crackle > 0","参数 / 当前层 / 发射器 / 爆裂"
"460-02-crackleFollow","crackleFollow","星效果","number","爆裂跟随星","跟随星","爆裂","初速","","P => familyOf(P.type) === 'aerial'","P => P.crackle > 0","参数 / 当前层 / 发射器 / 爆裂"
"460-03-crackleLife","crackleLife","星效果","number","爆裂小闪寿命","寿命","爆裂","寿命","s","P => familyOf(P.type) === 'aerial'","P => P.crackle > 0","参数 / 当前层 / 发射器 / 爆裂"
"460-04-crackleTau","crackleTau","星效果","number","爆裂小闪衰减时间","衰减","爆裂","亮度","s","P => familyOf(P.type) === 'aerial'","P => P.crackle > 0","参数 / 当前层 / 发射器 / 爆裂"
"460-05-crackleBright","crackleBright","星效果","number","爆裂小闪亮度","亮度","爆裂","亮度","×","P => familyOf(P.type) === 'aerial'","P => P.crackle > 0","参数 / 当前层 / 发射器 / 爆裂"
"460-06-crackleBrightJit","crackleBrightJit","星效果","number","爆裂小闪亮度随机","亮度随机","爆裂","亮度","%","P => familyOf(P.type) === 'aerial'","P => P.crackle > 0","参数 / 当前层 / 发射器 / 爆裂"
"460-07-crackleSize","crackleSize","星效果","number","爆裂小闪大小","大小","爆裂","大小","m","P => familyOf(P.type) === 'aerial'","P => P.crackle > 0","参数 / 当前层 / 发射器 / 爆裂"
"460-08-crackleSizeJit","crackleSizeJit","星效果","number","爆裂小闪大小随机","大小随机","爆裂","大小","%","P => familyOf(P.type) === 'aerial'","P => P.crackle > 0","参数 / 当前层 / 发射器 / 爆裂"
"460-09-strobeOn","strobeOn","星效果","number","点灭亮相亮度","亮相亮度","星","点灭","×","P => familyOf(P.type) === 'aerial'","P => P.strobeHz > 0","参数 / 当前层 / 发射器 / 星"
"460-10-strobeOff","strobeOff","星效果","number","点灭暗相亮度","暗相亮度","星","点灭","×","P => familyOf(P.type) === 'aerial'","P => P.strobeHz > 0","参数 / 当前层 / 发射器 / 星"
"460-11-strobeHzJit","strobeHzJit","星效果","number","点灭频率随机","频率随机","星","点灭","%","P => familyOf(P.type) === 'aerial'","P => P.strobeHz > 0","参数 / 当前层 / 发射器 / 星"
"460-12-glitterDelayJit","glitterDelayJit","星效果","number","辉星闪光延迟随机","延迟随机","火花","辉星","%","P => familyOf(P.type) === 'aerial'","P => P.glitter > 0","参数 / 当前层 / 发射器 / 火花"
"460-13-glitterW","glitterW","星效果","number","辉星闪光宽度","闪光宽度","火花","辉星","s","P => familyOf(P.type) === 'aerial'","P => P.glitter > 0","参数 / 当前层 / 发射器 / 火花"
"460-14-glitterPeak","glitterPeak","星效果","number","辉星闪光亮度","闪光亮度","火花","辉星","×","P => familyOf(P.type) === 'aerial'","P => P.glitter > 0","参数 / 当前层 / 发射器 / 火花"
"460-15-glitterDim","glitterDim","星效果","number","辉星闪前压暗","闪前压暗","火花","辉星","","P => familyOf(P.type) === 'aerial'","P => P.glitter > 0","参数 / 当前层 / 发射器 / 火花"
"460-16-branchLife","branchLife","星效果","number","分叉火花寿命","寿命","分叉火花","寿命","s","P => familyOf(P.type) === 'aerial'","P => P.branch > 0","参数 / 当前层 / 发射器 / 分叉火花"
"460-17-branchLifeJit","branchLifeJit","星效果","number","分叉火花寿命随机","寿命随机","分叉火花","寿命","%","P => familyOf(P.type) === 'aerial'","P => P.branch > 0","参数 / 当前层 / 发射器 / 分叉火花"
"460-18-branchV","branchV","星效果","number","分叉火花甩出速度","甩出速度","分叉火花","初速","m/s","P => familyOf(P.type) === 'aerial'","P => P.branch > 0","参数 / 当前层 / 发射器 / 分叉火花"
"460-19-branchVJit","branchVJit","星效果","number","分叉火花速度随机","速度随机","分叉火花","初速","%","P => familyOf(P.type) === 'aerial'","P => P.branch > 0","参数 / 当前层 / 发射器 / 分叉火花"
"460-20-branchInh","branchInh","星效果","number","分叉火花继承速度","继承速度","分叉火花","初速","","P => familyOf(P.type) === 'aerial'","P => P.branch > 0","参数 / 当前层 / 发射器 / 分叉火花"
"460-21-branchKd","branchKd","星效果","number","分叉火花阻力倍数","阻力（× 火花）","分叉火花","受力","×","P => familyOf(P.type) === 'aerial'","P => P.branch > 0","参数 / 当前层 / 发射器 / 分叉火花"
"460-22-branchT","branchT","星效果","number","分叉火花温度倍数","温度（× 火花）","分叉火花","颜色","×","P => familyOf(P.type) === 'aerial'","P => P.branch > 0","参数 / 当前层 / 发射器 / 分叉火花"
"460-23-branchBright","branchBright","星效果","number","分叉火花亮度","亮度","分叉火花","亮度","×","P => familyOf(P.type) === 'aerial'","P => P.branch > 0","参数 / 当前层 / 发射器 / 分叉火花"
"460-24-branchFade","branchFade","星效果","number","分叉火花变暗指数","变暗（指数）","分叉火花","亮度","","P => familyOf(P.type) === 'aerial'","P => P.branch > 0","参数 / 当前层 / 发射器 / 分叉火花"
"460-25-branchSize","branchSize","星效果","number","分叉火花大小倍数","大小（× 火花）","分叉火花","大小","×","P => familyOf(P.type) === 'aerial'","P => P.branch > 0","参数 / 当前层 / 发射器 / 分叉火花"
"460-92-branchBrightCurve","branchBrightCurve","星效果","curve","分叉火花亮度随寿命","随寿命","分叉火花","亮度","","P => familyOf(P.type) === 'aerial'","P => P.branch > 0","参数 / 当前层 / 发射器 / 分叉火花"
"460-93-crackleSizeCurve","crackleSizeCurve","星效果","curve","爆裂小闪大小随寿命","随寿命","爆裂","大小","","P => familyOf(P.type) === 'aerial'","P => P.crackle > 0","参数 / 当前层 / 发射器 / 爆裂"
"460-94-crackleBrightCurve","crackleBrightCurve","星效果","curve","爆裂小闪亮度随寿命","随寿命","爆裂","亮度","","P => familyOf(P.type) === 'aerial'","P => P.crackle > 0","参数 / 当前层 / 发射器 / 爆裂"
"460-99-branchSizeCurve","branchSizeCurve","星效果","curve","分叉火花大小随寿命","随寿命","分叉火花","大小","","P => familyOf(P.type) === 'aerial'","P => P.branch > 0","参数 / 当前层 / 发射器 / 分叉火花"
"030-headSize","headSize","炭头（星头）","number","星头大小","大小","星","大小","m","P => !isTrail(P) && !isPhys(P) && !isEmit(P)","","参数 / 当前层 / 发射器 / 星"
"031-headBright","headBright","炭头（星头）","number","星头亮度","亮度","星","亮度","×","P => !isTrail(P) && !isPhys(P) && !isEmit(P)","","参数 / 当前层 / 发射器 / 星"
"032-flicker","flicker","炭头（星头）","number","星头闪烁","闪烁","星","亮度","","P => !isTrail(P) && !isPhys(P) && !isEmit(P)","","参数 / 当前层 / 发射器 / 星"
"460-87-starSizeCurve","starSizeCurve","炭头（星头）","curve","星头大小随寿命","随寿命","星","大小","","P => !isTrail(P) && !isPhys(P) && !isEmit(P)","","参数 / 当前层 / 发射器 / 星"
"460-88-starBrightCurve","starBrightCurve","炭头（星头）","curve","星头亮度随寿命","随寿命","星","亮度","","P => !isTrail(P) && !isPhys(P) && !isEmit(P)","","参数 / 当前层 / 发射器 / 星"
"070-sparkRate","sparkRate","尾缀（炭火火花）","number","火花生成率","生成率","火花","生成","个/秒","P => !isTrail(P) && !isPhys(P) && !isEmit(P)","","参数 / 当前层 / 发射器 / 火花"
"071-sparkRateEnd","sparkRateEnd","尾缀（炭火火花）","number","末段生成率","末段生成率","火花","生成","×","P => !isTrail(P) && !isPhys(P) && !isEmit(P)","P => familyOf(P.type) === 'aerial'","参数 / 当前层 / 发射器 / 火花"
"072-sparkStop","sparkStop","尾缀（炭火火花）","number","火花停止时刻","停止时刻","火花","生成","s","P => !isTrail(P) && !isPhys(P) && !isEmit(P)","P => familyOf(P.type) === 'aerial'","参数 / 当前层 / 发射器 / 火花"
"073-sparkStart","sparkStart","尾缀（炭火火花）","number","火花开始时刻","开始时刻","火花","生成","s","P => !isTrail(P) && !isPhys(P) && !isEmit(P)","P => familyOf(P.type) === 'aerial'","参数 / 当前层 / 发射器 / 火花"
"074-sparkRamp","sparkRamp","尾缀（炭火火花）","number","火花起势","起势","火花","生成","s","P => !isTrail(P) && !isPhys(P) && !isEmit(P)","P => familyOf(P.type) === 'aerial'","参数 / 当前层 / 发射器 / 火花"
"075-sparkRampJit","sparkRampJit","尾缀（炭火火花）","number","起势随机","起势随机","火花","生成","%","P => !isTrail(P) && !isPhys(P) && !isEmit(P)","P => isAir(P) && +P.sparkRamp > 0","参数 / 当前层 / 发射器 / 火花"
"076-sparkLife","sparkLife","尾缀（炭火火花）","number","火花寿命","寿命","火花","寿命","s","P => !isTrail(P) && !isPhys(P) && !isEmit(P)","","参数 / 当前层 / 发射器 / 火花"
"077-sparkLifeEnd","sparkLifeEnd","尾缀（炭火火花）","number","末段火花寿命","末段寿命","火花","寿命","×","P => !isTrail(P) && !isPhys(P) && !isEmit(P)","P => familyOf(P.type) === 'aerial'","参数 / 当前层 / 发射器 / 火花"
"078-sparkLifeJit","sparkLifeJit","尾缀（炭火火花）","number","火花寿命随机","寿命随机","火花","寿命","%","P => !isTrail(P) && !isPhys(P) && !isEmit(P)","P => familyOf(P.type) === 'aerial'","参数 / 当前层 / 发射器 / 火花"
"079-sparkSpread","sparkSpread","尾缀（炭火火花）","number","火花速度随机","速度随机","火花","初速","m/s","P => !isTrail(P) && !isPhys(P) && !isEmit(P)","","参数 / 当前层 / 发射器 / 火花"
"080-sparkSize","sparkSize","尾缀（炭火火花）","number","火花大小","大小","火花","大小","m","P => !isTrail(P) && !isPhys(P) && !isEmit(P)","","参数 / 当前层 / 发射器 / 火花"
"081-sparkInherit","sparkInherit","尾缀（炭火火花）","number","继承速度","继承速度","火花","初速","","P => !isTrail(P) && !isPhys(P) && !isEmit(P)","","参数 / 当前层 / 发射器 / 火花"
"082-sparkDrag","sparkDrag","尾缀（炭火火花）","number","火花阻力","阻力","火花","受力","1/s","P => !isTrail(P) && !isPhys(P) && !isEmit(P)","","参数 / 当前层 / 发射器 / 火花"
"083-sparkGrav","sparkGrav","尾缀（炭火火花）","number","火花重力","重力倍率","火花","受力","×","P => !isTrail(P) && !isPhys(P) && !isEmit(P)","","参数 / 当前层 / 发射器 / 火花"
"084-T0","T0","尾缀（炭火火花）","number","火花温度","温度","火花","颜色","K","P => !isTrail(P) && !isPhys(P) && !isEmit(P)","","参数 / 当前层 / 发射器 / 火花"
"085-cooling","cooling","尾缀（炭火火花）","number","火花冷却","冷却","火花","颜色","","P => !isTrail(P) && !isPhys(P) && !isEmit(P)","","参数 / 当前层 / 发射器 / 火花"
"086-sparkBright","sparkBright","尾缀（炭火火花）","number","火花亮度","亮度","火花","亮度","×","P => !isTrail(P) && !isPhys(P) && !isEmit(P)","","参数 / 当前层 / 发射器 / 火花"
"087-emberFrac","emberFrac","尾缀（炭火火花）","number","余烬比例","比例（占火花）","余烬","生成","","P => !isTrail(P) && !isPhys(P) && !isEmit(P)","P => familyOf(P.type) === 'aerial'","参数 / 当前层 / 发射器 / 余烬"
"088-emberLife","emberLife","尾缀（炭火火花）","number","余烬寿命","寿命","余烬","寿命","s","P => !isTrail(P) && !isPhys(P) && !isEmit(P)","P => isAir(P) && P.emberFrac > 0","参数 / 当前层 / 发射器 / 余烬"
"089-emberBright","emberBright","尾缀（炭火火花）","number","余烬亮度","亮度","余烬","亮度","×","P => !isTrail(P) && !isPhys(P) && !isEmit(P)","P => isAir(P) && P.emberFrac > 0","参数 / 当前层 / 发射器 / 余烬"
"090-emberFollow","emberFollow","尾缀（炭火火花）","number","余烬随星淡出","随星淡出","余烬","亮度","s","P => !isTrail(P) && !isPhys(P) && !isEmit(P)","P => isAir(P) && P.emberFrac > 0","参数 / 当前层 / 发射器 / 余烬"
"091-emberSize","emberSize","尾缀（炭火火花）","number","余烬大小","大小","余烬","大小","×","P => !isTrail(P) && !isPhys(P) && !isEmit(P)","P => isAir(P) && P.emberFrac > 0","参数 / 当前层 / 发射器 / 余烬"
"092-emberEnd","emberEnd","尾缀（炭火火花）","number","余烬熄灭时刻","熄灭时刻","余烬","寿命","s","P => !isTrail(P) && !isPhys(P) && !isEmit(P)","P => isAir(P) && P.emberFrac > 0","参数 / 当前层 / 发射器 / 余烬"
"093-emberAll","emberAll","尾缀（炭火火花）","number","余烬贯穿全程","贯穿全程","余烬","寿命","","P => !isTrail(P) && !isPhys(P) && !isEmit(P)","P => isAir(P) && P.emberFrac > 0","参数 / 当前层 / 发射器 / 余烬"
"094-twinkle","twinkle","尾缀（炭火火花）","number","火花闪烁","闪烁","火花","亮度","","P => !isTrail(P) && !isPhys(P) && !isEmit(P)","","参数 / 当前层 / 发射器 / 火花"
"094b-twinkleHz","twinkleHz","尾缀（炭火火花）","number","火花闪烁频率","闪烁频率","火花","亮度","Hz","P => !isTrail(P) && !isPhys(P) && !isEmit(P)","P => +P.twinkle > 0","参数 / 当前层 / 发射器 / 火花"
"460-32-sparkInhJit","sparkInhJit","尾缀（炭火火花）","number","跟随星体随机","跟随随机","火花","初速","%","P => !isTrail(P) && !isPhys(P) && !isEmit(P)","","参数 / 当前层 / 发射器 / 火花"
"460-33-T0Jit","T0Jit","尾缀（炭火火花）","number","火花初始温度随机","温度随机","火花","颜色","K","P => !isTrail(P) && !isPhys(P) && !isEmit(P)","","参数 / 当前层 / 发射器 / 火花"
"460-34-emberLifeJit","emberLifeJit","尾缀（炭火火花）","number","余烬寿命随机","寿命随机","余烬","寿命","","P => !isTrail(P) && !isPhys(P) && !isEmit(P)","P => isAir(P) && P.emberFrac > 0","参数 / 当前层 / 发射器 / 余烬"
"460-35-emberDecay","emberDecay","尾缀（炭火火花）","number","余烬变暗快慢","变暗快慢","余烬","亮度","","P => !isTrail(P) && !isPhys(P) && !isEmit(P)","P => isAir(P) && P.emberFrac > 0","参数 / 当前层 / 发射器 / 余烬"
"460-36-emberFadeAt","emberFadeAt","尾缀（炭火火花）","number","余烬淡出开始","淡出开始","余烬","亮度","×","P => !isTrail(P) && !isPhys(P) && !isEmit(P)","P => isAir(P) && P.emberFrac > 0","参数 / 当前层 / 发射器 / 余烬"
"460-89-sparkSizeCurve","sparkSizeCurve","尾缀（炭火火花）","curve","火花大小随寿命","随寿命","火花","大小","","P => !isTrail(P) && !isPhys(P) && !isEmit(P)","","参数 / 当前层 / 发射器 / 火花"
"460-90-sparkBrightCurve","sparkBrightCurve","尾缀（炭火火花）","curve","火花亮度随寿命","随寿命","火花","亮度","","P => !isTrail(P) && !isPhys(P) && !isEmit(P)","","参数 / 当前层 / 发射器 / 火花"
"460-91-emberBrightCurve","emberBrightCurve","尾缀（炭火火花）","curve","余烬亮度随寿命","随寿命","余烬","亮度","","P => !isTrail(P) && !isPhys(P) && !isEmit(P)","P => isAir(P) && P.emberFrac > 0","参数 / 当前层 / 发射器 / 余烬"
"460-98-emberSizeCurve","emberSizeCurve","尾缀（炭火火花）","curve","余烬大小随寿命","随寿命","余烬","大小","","P => !isTrail(P) && !isPhys(P) && !isEmit(P)","P => isAir(P) && P.emberFrac > 0","参数 / 当前层 / 发射器 / 余烬"
"095-tailJit","tailJit","尾迹外形","number","火花大小随机","大小随机","火花","大小","","P => isSeq(P) && familyOf(P.type) === 'aerial'","","参数 / 当前层 / 发射器 / 火花"
"096-tailShoulder","tailShoulder","尾迹外形","number","尾迹亮肩","亮肩","火花","亮度","","P => isSeq(P) && familyOf(P.type) === 'aerial'","","参数 / 当前层 / 发射器 / 火花"
"097-tailWidth","tailWidth","尾迹外形","number","尾迹粗细","粗细","火花","大小","×","P => isSeq(P) && familyOf(P.type) === 'aerial'","","参数 / 当前层 / 发射器 / 火花"
"098-tailPinchHead","tailPinchHead","尾迹外形","number","星头端收尖","星头端收尖","火花","大小","","P => isSeq(P) && familyOf(P.type) === 'aerial'","","参数 / 当前层 / 发射器 / 火花"
"099-tailPinchTail","tailPinchTail","尾迹外形","number","尾端收尖","尾端收尖","火花","大小","","P => isSeq(P) && familyOf(P.type) === 'aerial'","","参数 / 当前层 / 发射器 / 火花"
"100-tailBellyAt","tailBellyAt","尾迹外形","number","最粗处位置","最粗处位置","火花","大小","","P => isSeq(P) && familyOf(P.type) === 'aerial'","P => +P.tailPinchHead > 0 || +P.tailPinchTail > 0","参数 / 当前层 / 发射器 / 火花"
"101-headTear","headTear","尾迹外形","number","泪滴星头","泪滴形","星","大小","","P => isSeq(P) && familyOf(P.type) === 'aerial'","","参数 / 当前层 / 发射器 / 星"
"102-sparkRise","sparkRise","尾迹外形","number","火花烧旺","烧旺时间","火花","亮度","s","P => isSeq(P) && familyOf(P.type) === 'aerial'","","参数 / 当前层 / 发射器 / 火花"
"103-starBright","starBright","尾迹外形","number","每星亮度随机","每星亮度随机","火花","亮度","","P => isSeq(P) && familyOf(P.type) === 'aerial'","","参数 / 当前层 / 发射器 / 火花"
"104-tailHaze","tailHaze","尾迹外形","number","线间底光","线间底光","火花","亮度","","P => isSeq(P) && familyOf(P.type) === 'aerial'","","参数 / 当前层 / 发射器 / 火花"
"105-tailHazeR","tailHazeR","尾迹外形","number","底光半径","底光半径","火花","亮度","m","P => isSeq(P) && familyOf(P.type) === 'aerial'","P => +P.tailHaze > 0","参数 / 当前层 / 发射器 / 火花"
"052-subPattern","subPattern","千轮 / 分裂","select","子星排布","排布","子花","形状","","P => P.type === 'senrin' || P.type === 'crossette'","","参数 / 当前层 / 发射器 / 子花"
"053-subDelay","subDelay","千轮 / 分裂","number","子花开花时刻","开花时刻","子花","生成","s","P => P.type === 'senrin' || P.type === 'crossette'","","参数 / 当前层 / 发射器 / 子花"
"054-subJit","subJit","千轮 / 分裂","number","开花时刻随机","开花时刻随机","子花","生成","%","P => P.type === 'senrin' || P.type === 'crossette'","","参数 / 当前层 / 发射器 / 子花"
"055-subStars","subStars","千轮 / 分裂","number","子花星数","星数","子花","生成","颗","P => P.type === 'senrin' || P.type === 'crossette'","","参数 / 当前层 / 发射器 / 子花"
"056-subSpeed","subSpeed","千轮 / 分裂","number","子花初速","初速","子花","初速","m/s","P => P.type === 'senrin' || P.type === 'crossette'","","参数 / 当前层 / 发射器 / 子花"
"057-subBurn","subBurn","千轮 / 分裂","number","子星燃烧时间","燃烧时间","子花","寿命","s","P => P.type === 'senrin' || P.type === 'crossette'","","参数 / 当前层 / 发射器 / 子花"
"058-subTail","subTail","千轮 / 分裂","number","子星火花率","火花生成率","子花","火花","个/秒","P => P.type === 'senrin' || P.type === 'crossette'","","参数 / 当前层 / 发射器 / 子花"
"059-carrierTail","carrierTail","千轮 / 分裂","number","子弹火花率","生成率（子弹）","火花","生成","个/秒","P => P.type === 'senrin' || P.type === 'crossette'","","参数 / 当前层 / 发射器 / 火花"
"060-carrierHead","carrierHead","千轮 / 分裂","number","子弹亮度","亮度（子弹）","星","亮度","×","P => P.type === 'senrin' || P.type === 'crossette'","","参数 / 当前层 / 发射器 / 星"
"061-subKeep","subKeep","千轮 / 分裂","number","继承子弹速度","继承子弹速度","子花","初速","","P => P.type === 'senrin' || P.type === 'crossette'","","参数 / 当前层 / 发射器 / 子花"
"062-subScaleJit","subScaleJit","千轮 / 分裂","number","子花大小随机","大小随机","子花","形状","%","P => P.type === 'senrin' || P.type === 'crossette'","","参数 / 当前层 / 发射器 / 子花"
"063-subSpeedJit","subSpeedJit","千轮 / 分裂","number","子星初速随机","初速随机","子花","初速","%","P => P.type === 'senrin' || P.type === 'crossette'","","参数 / 当前层 / 发射器 / 子花"
"064-subVt","subVt","千轮 / 分裂","number","子星终端速度","终端速度","子花","受力","m/s","P => P.type === 'senrin' || P.type === 'crossette'","","参数 / 当前层 / 发射器 / 子花"
"065-subGrav","subGrav","千轮 / 分裂","number","子星重力","重力倍率","子花","受力","×","P => P.type === 'senrin' || P.type === 'crossette'","","参数 / 当前层 / 发射器 / 子花"
"066-subFlash","subFlash","千轮 / 分裂","number","子花开花闪光","开花闪光","子花","闪光","","P => P.type === 'senrin' || P.type === 'crossette'","","参数 / 当前层 / 发射器 / 子花"
"460-29-subSize","subSize","千轮 / 分裂","number","子星大小","大小","子花","大小","m","P => P.type === 'senrin' || P.type === 'crossette'","","参数 / 当前层 / 发射器 / 子花"
"460-30-subBright","subBright","千轮 / 分裂","number","子星亮度","亮度","子花","亮度","×","P => P.type === 'senrin' || P.type === 'crossette'","","参数 / 当前层 / 发射器 / 子花"
"460-31-subFlashR","subFlashR","千轮 / 分裂","number","子花闪光半径","闪光半径","子花","闪光","m","P => P.type === 'senrin' || P.type === 'crossette'","","参数 / 当前层 / 发射器 / 子花"
"460-96-subSizeCurve","subSizeCurve","千轮 / 分裂","curve","子星大小随寿命","随寿命","子花","大小","","P => P.type === 'senrin' || P.type === 'crossette'","","参数 / 当前层 / 发射器 / 子花"
"460-97-subBrightCurve","subBrightCurve","千轮 / 分裂","curve","子星亮度随寿命","随寿命","子花","亮度","","P => P.type === 'senrin' || P.type === 'crossette'","","参数 / 当前层 / 发射器 / 子花"
"460-37-x1Event","x1Event","自定义发射器 1","select","自定义 1 · 什么时候生成","什么时候","自定义 1","生成","","P => isAir(P) && +P.x1On > 0","","参数 / 当前层 / 发射器 / 自定义 1"
"460-38-x1T","x1T","自定义发射器 1","number","自定义 1 · 时刻","时刻","自定义 1","生成","s","P => isAir(P) && +P.x1On > 0","P => P.x1Event === 'time'","参数 / 当前层 / 发射器 / 自定义 1"
"460-39-x1Kind","x1Kind","自定义发射器 1","select","自定义 1 · 生成什么","生成什么","自定义 1","生成","","P => isAir(P) && +P.x1On > 0","","参数 / 当前层 / 发射器 / 自定义 1"
"460-40-x1N","x1N","自定义发射器 1","number","自定义 1 · 数量","数量","自定义 1","生成","个","P => isAir(P) && +P.x1On > 0","P => P.x1Event !== 'trail'","参数 / 当前层 / 发射器 / 自定义 1"
"460-41-x1Rate","x1Rate","自定义发射器 1","number","自定义 1 · 每秒生成","每秒","自定义 1","生成","个/秒","P => isAir(P) && +P.x1On > 0","P => P.x1Event === 'trail'","参数 / 当前层 / 发射器 / 自定义 1"
"460-42-x1Prob","x1Prob","自定义发射器 1","number","自定义 1 · 触发比例","触发比例","自定义 1","生成","","P => isAir(P) && +P.x1On > 0","","参数 / 当前层 / 发射器 / 自定义 1"
"460-43-x1Delay","x1Delay","自定义发射器 1","number","自定义 1 · 延迟","延迟","自定义 1","生成","s","P => isAir(P) && +P.x1On > 0","","参数 / 当前层 / 发射器 / 自定义 1"
"460-44-x1DelayJit","x1DelayJit","自定义发射器 1","number","自定义 1 · 延迟随机","延迟随机","自定义 1","生成","%","P => isAir(P) && +P.x1On > 0","","参数 / 当前层 / 发射器 / 自定义 1"
"460-45-x1Spark","x1Spark","自定义发射器 1","number","自定义 1 · 火花密度","火花密度","自定义 1","生成","个/秒","P => isAir(P) && +P.x1On > 0","P => P.x1Kind === 'star'","参数 / 当前层 / 发射器 / 自定义 1"
"460-46-x1R","x1R","自定义发射器 1","number","自定义 1 · 起始半径","起始半径","自定义 1","形状","m","P => isAir(P) && +P.x1On > 0","","参数 / 当前层 / 发射器 / 自定义 1"
"460-47-x1V","x1V","自定义发射器 1","number","自定义 1 · 初速","初速","自定义 1","初速","m/s","P => isAir(P) && +P.x1On > 0","","参数 / 当前层 / 发射器 / 自定义 1"
"460-48-x1VJit","x1VJit","自定义发射器 1","number","自定义 1 · 初速随机","初速随机","自定义 1","初速","%","P => isAir(P) && +P.x1On > 0","","参数 / 当前层 / 发射器 / 自定义 1"
"460-49-x1Inh","x1Inh","自定义发射器 1","number","自定义 1 · 继承速度","继承速度","自定义 1","初速","","P => isAir(P) && +P.x1On > 0","","参数 / 当前层 / 发射器 / 自定义 1"
"460-50-x1Grav","x1Grav","自定义发射器 1","number","自定义 1 · 重力倍率","重力","自定义 1","受力","×","P => isAir(P) && +P.x1On > 0","","参数 / 当前层 / 发射器 / 自定义 1"
"460-51-x1Drag","x1Drag","自定义发射器 1","number","自定义 1 · 阻力","阻力","自定义 1","受力","1/s","P => isAir(P) && +P.x1On > 0","","参数 / 当前层 / 发射器 / 自定义 1"
"460-52-x1Life","x1Life","自定义发射器 1","number","自定义 1 · 寿命","寿命","自定义 1","寿命","s","P => isAir(P) && +P.x1On > 0","","参数 / 当前层 / 发射器 / 自定义 1"
"460-53-x1LifeJit","x1LifeJit","自定义发射器 1","number","自定义 1 · 寿命随机","寿命随机","自定义 1","寿命","%","P => isAir(P) && +P.x1On > 0","","参数 / 当前层 / 发射器 / 自定义 1"
"460-54-x1Size","x1Size","自定义发射器 1","number","自定义 1 · 大小","大小","自定义 1","大小","m","P => isAir(P) && +P.x1On > 0","","参数 / 当前层 / 发射器 / 自定义 1"
"460-55-x1SizeJit","x1SizeJit","自定义发射器 1","number","自定义 1 · 大小随机","大小随机","自定义 1","大小","%","P => isAir(P) && +P.x1On > 0","","参数 / 当前层 / 发射器 / 自定义 1"
"460-56-x1SizeCurve","x1SizeCurve","自定义发射器 1","curve","自定义 1 · 大小随寿命","随寿命","自定义 1","大小","","P => isAir(P) && +P.x1On > 0","","参数 / 当前层 / 发射器 / 自定义 1"
"460-57-x1Bright","x1Bright","自定义发射器 1","number","自定义 1 · 亮度","亮度","自定义 1","亮度","×","P => isAir(P) && +P.x1On > 0","","参数 / 当前层 / 发射器 / 自定义 1"
"460-58-x1BrightJit","x1BrightJit","自定义发射器 1","number","自定义 1 · 亮度随机","亮度随机","自定义 1","亮度","%","P => isAir(P) && +P.x1On > 0","","参数 / 当前层 / 发射器 / 自定义 1"
"460-59-x1BrightCurve","x1BrightCurve","自定义发射器 1","curve","自定义 1 · 亮度随寿命","随寿命","自定义 1","亮度","","P => isAir(P) && +P.x1On > 0","","参数 / 当前层 / 发射器 / 自定义 1"
"460-60-x1Flick","x1Flick","自定义发射器 1","number","自定义 1 · 闪烁幅度","幅度","自定义 1","闪烁","","P => isAir(P) && +P.x1On > 0","","参数 / 当前层 / 发射器 / 自定义 1"
"460-61-x1FlickHz","x1FlickHz","自定义发射器 1","number","自定义 1 · 闪烁频率","频率","自定义 1","闪烁","Hz","P => isAir(P) && +P.x1On > 0","P => +P.x1Flick > 0","参数 / 当前层 / 发射器 / 自定义 1"
"460-ex1-info:exColor1","info:exColor1","自定义发射器 1","info","自定义 1 · 颜色","颜色","自定义 1","颜色","","P => isAir(P) && +P.x1On > 0","","参数 / 当前层 / 发射器 / 自定义 1"
"460-62-x2Event","x2Event","自定义发射器 2","select","自定义 2 · 什么时候生成","什么时候","自定义 2","生成","","P => isAir(P) && +P.x2On > 0","","参数 / 当前层 / 发射器 / 自定义 2"
"460-63-x2T","x2T","自定义发射器 2","number","自定义 2 · 时刻","时刻","自定义 2","生成","s","P => isAir(P) && +P.x2On > 0","P => P.x2Event === 'time'","参数 / 当前层 / 发射器 / 自定义 2"
"460-64-x2Kind","x2Kind","自定义发射器 2","select","自定义 2 · 生成什么","生成什么","自定义 2","生成","","P => isAir(P) && +P.x2On > 0","","参数 / 当前层 / 发射器 / 自定义 2"
"460-65-x2N","x2N","自定义发射器 2","number","自定义 2 · 数量","数量","自定义 2","生成","个","P => isAir(P) && +P.x2On > 0","P => P.x2Event !== 'trail'","参数 / 当前层 / 发射器 / 自定义 2"
"460-66-x2Rate","x2Rate","自定义发射器 2","number","自定义 2 · 每秒生成","每秒","自定义 2","生成","个/秒","P => isAir(P) && +P.x2On > 0","P => P.x2Event === 'trail'","参数 / 当前层 / 发射器 / 自定义 2"
"460-67-x2Prob","x2Prob","自定义发射器 2","number","自定义 2 · 触发比例","触发比例","自定义 2","生成","","P => isAir(P) && +P.x2On > 0","","参数 / 当前层 / 发射器 / 自定义 2"
"460-68-x2Delay","x2Delay","自定义发射器 2","number","自定义 2 · 延迟","延迟","自定义 2","生成","s","P => isAir(P) && +P.x2On > 0","","参数 / 当前层 / 发射器 / 自定义 2"
"460-69-x2DelayJit","x2DelayJit","自定义发射器 2","number","自定义 2 · 延迟随机","延迟随机","自定义 2","生成","%","P => isAir(P) && +P.x2On > 0","","参数 / 当前层 / 发射器 / 自定义 2"
"460-70-x2Spark","x2Spark","自定义发射器 2","number","自定义 2 · 火花密度","火花密度","自定义 2","生成","个/秒","P => isAir(P) && +P.x2On > 0","P => P.x2Kind === 'star'","参数 / 当前层 / 发射器 / 自定义 2"
"460-71-x2R","x2R","自定义发射器 2","number","自定义 2 · 起始半径","起始半径","自定义 2","形状","m","P => isAir(P) && +P.x2On > 0","","参数 / 当前层 / 发射器 / 自定义 2"
"460-72-x2V","x2V","自定义发射器 2","number","自定义 2 · 初速","初速","自定义 2","初速","m/s","P => isAir(P) && +P.x2On > 0","","参数 / 当前层 / 发射器 / 自定义 2"
"460-73-x2VJit","x2VJit","自定义发射器 2","number","自定义 2 · 初速随机","初速随机","自定义 2","初速","%","P => isAir(P) && +P.x2On > 0","","参数 / 当前层 / 发射器 / 自定义 2"
"460-74-x2Inh","x2Inh","自定义发射器 2","number","自定义 2 · 继承速度","继承速度","自定义 2","初速","","P => isAir(P) && +P.x2On > 0","","参数 / 当前层 / 发射器 / 自定义 2"
"460-75-x2Grav","x2Grav","自定义发射器 2","number","自定义 2 · 重力倍率","重力","自定义 2","受力","×","P => isAir(P) && +P.x2On > 0","","参数 / 当前层 / 发射器 / 自定义 2"
"460-76-x2Drag","x2Drag","自定义发射器 2","number","自定义 2 · 阻力","阻力","自定义 2","受力","1/s","P => isAir(P) && +P.x2On > 0","","参数 / 当前层 / 发射器 / 自定义 2"
"460-77-x2Life","x2Life","自定义发射器 2","number","自定义 2 · 寿命","寿命","自定义 2","寿命","s","P => isAir(P) && +P.x2On > 0","","参数 / 当前层 / 发射器 / 自定义 2"
"460-78-x2LifeJit","x2LifeJit","自定义发射器 2","number","自定义 2 · 寿命随机","寿命随机","自定义 2","寿命","%","P => isAir(P) && +P.x2On > 0","","参数 / 当前层 / 发射器 / 自定义 2"
"460-79-x2Size","x2Size","自定义发射器 2","number","自定义 2 · 大小","大小","自定义 2","大小","m","P => isAir(P) && +P.x2On > 0","","参数 / 当前层 / 发射器 / 自定义 2"
"460-80-x2SizeJit","x2SizeJit","自定义发射器 2","number","自定义 2 · 大小随机","大小随机","自定义 2","大小","%","P => isAir(P) && +P.x2On > 0","","参数 / 当前层 / 发射器 / 自定义 2"
"460-81-x2SizeCurve","x2SizeCurve","自定义发射器 2","curve","自定义 2 · 大小随寿命","随寿命","自定义 2","大小","","P => isAir(P) && +P.x2On > 0","","参数 / 当前层 / 发射器 / 自定义 2"
"460-82-x2Bright","x2Bright","自定义发射器 2","number","自定义 2 · 亮度","亮度","自定义 2","亮度","×","P => isAir(P) && +P.x2On > 0","","参数 / 当前层 / 发射器 / 自定义 2"
"460-83-x2BrightJit","x2BrightJit","自定义发射器 2","number","自定义 2 · 亮度随机","亮度随机","自定义 2","亮度","%","P => isAir(P) && +P.x2On > 0","","参数 / 当前层 / 发射器 / 自定义 2"
"460-84-x2BrightCurve","x2BrightCurve","自定义发射器 2","curve","自定义 2 · 亮度随寿命","随寿命","自定义 2","亮度","","P => isAir(P) && +P.x2On > 0","","参数 / 当前层 / 发射器 / 自定义 2"
"460-85-x2Flick","x2Flick","自定义发射器 2","number","自定义 2 · 闪烁幅度","幅度","自定义 2","闪烁","","P => isAir(P) && +P.x2On > 0","","参数 / 当前层 / 发射器 / 自定义 2"
"460-86-x2FlickHz","x2FlickHz","自定义发射器 2","number","自定义 2 · 闪烁频率","频率","自定义 2","闪烁","Hz","P => isAir(P) && +P.x2On > 0","P => +P.x2Flick > 0","参数 / 当前层 / 发射器 / 自定义 2"
"460-ex2-info:exColor2","info:exColor2","自定义发射器 2","info","自定义 2 · 颜色","颜色","自定义 2","颜色","","P => isAir(P) && +P.x2On > 0","","参数 / 当前层 / 发射器 / 自定义 2"
"067-spin","spin","蜂","number","旋转速度","旋转速度","星","蜂","rad/s","P => P.type === 'hachi'","","参数 / 当前层 / 发射器 / 星"
"068-chaos","chaos","蜂","number","乱飞程度","乱飞程度","星","蜂","","P => P.type === 'hachi'","","参数 / 当前层 / 发射器 / 星"
"069-beeSpeed","beeSpeed","蜂","number","推进速度","推进速度","星","蜂","m/s","P => P.type === 'hachi'","","参数 / 当前层 / 发射器 / 星"
"106-riseStyle","riseStyle","上升","select","曲导种类","曲导种类","星头","上升","","P => isRise(P) && !isPhys(P) && !isEmit(P)","P => !isTrail(P)","参数 / 当前层 / 发射器 / 星头"
"107-riseH","riseH","上升","number","开花高度","开花高度","星头","弹道","m","P => isRise(P) && !isPhys(P) && !isEmit(P)","","参数 / 当前层 / 发射器 / 星头"
"108-vtShell","vtShell","上升","number","弹体终端速度","终端速度","星头","弹道","m/s","P => isRise(P) && !isPhys(P) && !isEmit(P)","","参数 / 当前层 / 发射器 / 星头"
"109-seed","seed","上升","number","随机种子","随机种子","效果","规格","","P => isRise(P) && !isPhys(P) && !isEmit(P)","P => !isTrail(P)","参数 / 当前层 / 层设置"
"110-wobble","wobble","上升","number","摆动幅度","摆动幅度","星头","弹道","m/s","P => isRise(P) && !isPhys(P) && !isEmit(P)","P => !isTrail(P)","参数 / 当前层 / 发射器 / 星头"
"111-wobbleHz","wobbleHz","上升","number","摆动频率","摆动频率","星头","弹道","Hz","P => isRise(P) && !isPhys(P) && !isEmit(P)","P => !isTrail(P)","参数 / 当前层 / 发射器 / 星头"
"112-kobanaN","kobanaN","上升","number","子花数量","子花数量","星头","上升","朵","P => isRise(P) && !isPhys(P) && !isEmit(P)","P => P.riseStyle === 'kobana' && !isTrail(P)","参数 / 当前层 / 发射器 / 星头"
"113-bunpoN","bunpoN","上升","number","分叉数量","分叉数量","星头","上升","支","P => isRise(P) && !isPhys(P) && !isEmit(P)","P => P.riseStyle === 'bunpo' && !isTrail(P)","参数 / 当前层 / 发射器 / 星头"
"114-_trailTier","_trailTier","尾缀序列 · 形态","select","尾缀档位","尾缀档位","效果","规格","","P => familyOf(P.type) === 'rise' && P.form === 'trail'","P => !state.repId","参数 / 当前层 / 层设置"
"114-trPhys","trPhys","尾缀序列 · 形态","number","粒子模型","粒子模型","效果","规格","","P => familyOf(P.type) === 'rise' && P.form === 'trail'","","参数 / 当前层 / 层设置"
"115-trV","trV","尾缀序列 · 形态","number","烘焙上升速度","烘焙上升速度","星头","弹道","m/s","P => familyOf(P.type) === 'rise' && P.form === 'trail'","","参数 / 当前层 / 发射器 / 星头"
"116-trInh","trInh","尾缀序列 · 形态","number","火花继承速度","继承速度","火花共用","初速","","P => familyOf(P.type) === 'rise' && P.form === 'trail'","P => !isPhysBody(P)","参数 / 当前层 / 发射器 / 火花共用"
"117-trDrag","trDrag","尾缀序列 · 形态","number","火花阻力","阻力","火花共用","受力","1/s","P => familyOf(P.type) === 'rise' && P.form === 'trail'","P => !isPhysBody(P)","参数 / 当前层 / 发射器 / 火花共用"
"118-trGrav","trGrav","尾缀序列 · 形态","number","火花重力倍率","重力倍率","火花共用","受力","×","P => familyOf(P.type) === 'rise' && P.form === 'trail'","P => !isPhysBody(P)","参数 / 当前层 / 发射器 / 火花共用"
"119-trCool","trCool","尾缀序列 · 形态","number","冷却倍率","冷却倍率","火花共用","颜色","×","P => familyOf(P.type) === 'rise' && P.form === 'trail'","P => !isPhysBody(P)","参数 / 当前层 / 发射器 / 火花共用"
"120-trIgnite","trIgnite","尾缀序列 · 形态","number","火花烧旺时间","烧旺时间","火花共用","亮度","s","P => familyOf(P.type) === 'rise' && P.form === 'trail'","P => !isPhysBody(P)","参数 / 当前层 / 发射器 / 火花共用"
"121-trTwist","trTwist","尾缀序列 · 形态","number","扭动幅度","幅度","星头","扭动","m","P => familyOf(P.type) === 'rise' && P.form === 'trail'","P => !isPhysBody(P)","参数 / 当前层 / 发射器 / 星头"
"122-trTwistN","trTwistN","尾缀序列 · 形态","number","扭动圈数","圈数","星头","扭动","圈","P => familyOf(P.type) === 'rise' && P.form === 'trail'","P => !isPhysBody(P)","参数 / 当前层 / 发射器 / 星头"
"123-trWiggle","trWiggle","尾缀序列 · 形态","number","细碎扭动","细碎扭动","星头","扭动","m","P => familyOf(P.type) === 'rise' && P.form === 'trail'","P => !isPhysBody(P)","参数 / 当前层 / 发射器 / 星头"
"124-trTwistLag","trTwistLag","尾缀序列 · 形态","number","扭动滞后","滞后","星头","扭动","s","P => familyOf(P.type) === 'rise' && P.form === 'trail'","P => !isPhysBody(P)","参数 / 当前层 / 发射器 / 星头"
"125-trFollow","trFollow","尾缀序列 · 形态","number","快门跟拍","快门跟拍","输出","取景","","P => familyOf(P.type) === 'rise' && P.form === 'trail'","","参数 / 当前层 / 烘焙输出"
"126-seed","seed","尾缀序列 · 形态","number","随机种子","随机种子","效果","规格","","P => familyOf(P.type) === 'rise' && P.form === 'trail'","","参数 / 当前层 / 层设置"
"127-trHeadSize","trHeadSize","尾缀序列 · 星头","number","星头大小","大小","星头","大小","m","P => isTrail(P) && !isPhysBody(P)","","参数 / 当前层 / 发射器 / 星头"
"128-trHeadBright","trHeadBright","尾缀序列 · 星头","number","星头亮度","亮度","星头","亮度","×","P => isTrail(P) && !isPhysBody(P)","","参数 / 当前层 / 发射器 / 星头"
"129-trHalo","trHalo","尾缀序列 · 星头","number","光晕大小","大小","星头","光晕","×","P => isTrail(P) && !isPhysBody(P)","","参数 / 当前层 / 发射器 / 星头"
"130-trHaloBright","trHaloBright","尾缀序列 · 星头","number","光晕亮度","亮度","星头","光晕","×","P => isTrail(P) && !isPhysBody(P)","","参数 / 当前层 / 发射器 / 星头"
"131-trFRate","trFRate","尾缀序列 · 火花（四层）","number","生成速率","生成速率","白热火花","生成","个/秒","P => isTrail(P) && !isPhysBody(P)","","参数 / 当前层 / 发射器 / 白热火花"
"132-trFLife","trFLife","尾缀序列 · 火花（四层）","number","寿命","寿命","白热火花","寿命","s","P => isTrail(P) && !isPhysBody(P)","","参数 / 当前层 / 发射器 / 白热火花"
"133-trFSpread","trFSpread","尾缀序列 · 火花（四层）","number","速度随机","速度随机","白热火花","初速","m/s","P => isTrail(P) && !isPhysBody(P)","","参数 / 当前层 / 发射器 / 白热火花"
"134-trFSize","trFSize","尾缀序列 · 火花（四层）","number","大小","大小","白热火花","大小","m","P => isTrail(P) && !isPhysBody(P)","","参数 / 当前层 / 发射器 / 白热火花"
"135-trFBright","trFBright","尾缀序列 · 火花（四层）","number","亮度","亮度","白热火花","亮度","×","P => isTrail(P) && !isPhysBody(P)","","参数 / 当前层 / 发射器 / 白热火花"
"136-trMRate","trMRate","尾缀序列 · 火花（四层）","number","生成速率","生成速率","金火花","生成","个/秒","P => isTrail(P) && !isPhysBody(P)","","参数 / 当前层 / 发射器 / 金火花"
"137-trMLife","trMLife","尾缀序列 · 火花（四层）","number","寿命","寿命","金火花","寿命","s","P => isTrail(P) && !isPhysBody(P)","","参数 / 当前层 / 发射器 / 金火花"
"138-trMSpread","trMSpread","尾缀序列 · 火花（四层）","number","速度随机","速度随机","金火花","初速","m/s","P => isTrail(P) && !isPhysBody(P)","","参数 / 当前层 / 发射器 / 金火花"
"139-trMSize","trMSize","尾缀序列 · 火花（四层）","number","大小","大小","金火花","大小","m","P => isTrail(P) && !isPhysBody(P)","","参数 / 当前层 / 发射器 / 金火花"
"140-trMBright","trMBright","尾缀序列 · 火花（四层）","number","亮度","亮度","金火花","亮度","×","P => isTrail(P) && !isPhysBody(P)","","参数 / 当前层 / 发射器 / 金火花"
"141-trCRate","trCRate","尾缀序列 · 火花（四层）","number","生成速率","生成速率","橙色火花","生成","个/秒","P => isTrail(P) && !isPhysBody(P)","","参数 / 当前层 / 发射器 / 橙色火花"
"142-trCLife","trCLife","尾缀序列 · 火花（四层）","number","寿命","寿命","橙色火花","寿命","s","P => isTrail(P) && !isPhysBody(P)","","参数 / 当前层 / 发射器 / 橙色火花"
"143-trCSpread","trCSpread","尾缀序列 · 火花（四层）","number","速度随机","速度随机","橙色火花","初速","m/s","P => isTrail(P) && !isPhysBody(P)","","参数 / 当前层 / 发射器 / 橙色火花"
"144-trCSize","trCSize","尾缀序列 · 火花（四层）","number","大小","大小","橙色火花","大小","m","P => isTrail(P) && !isPhysBody(P)","","参数 / 当前层 / 发射器 / 橙色火花"
"145-trCBright","trCBright","尾缀序列 · 火花（四层）","number","亮度","亮度","橙色火花","亮度","×","P => isTrail(P) && !isPhysBody(P)","","参数 / 当前层 / 发射器 / 橙色火花"
"146-trWRate","trWRate","尾缀序列 · 火花（四层）","number","生成速率","生成速率","丝状火花","生成","个/秒","P => isTrail(P) && !isPhysBody(P)","","参数 / 当前层 / 发射器 / 丝状火花"
"147-trWLife","trWLife","尾缀序列 · 火花（四层）","number","寿命","寿命","丝状火花","寿命","s","P => isTrail(P) && !isPhysBody(P)","","参数 / 当前层 / 发射器 / 丝状火花"
"148-trWSpread","trWSpread","尾缀序列 · 火花（四层）","number","甩出速度","甩出速度","丝状火花","初速","m/s","P => isTrail(P) && !isPhysBody(P)","","参数 / 当前层 / 发射器 / 丝状火花"
"149-trWSize","trWSize","尾缀序列 · 火花（四层）","number","大小","大小","丝状火花","大小","m","P => isTrail(P) && !isPhysBody(P)","","参数 / 当前层 / 发射器 / 丝状火花"
"150-trWBright","trWBright","尾缀序列 · 火花（四层）","number","亮度","亮度","丝状火花","亮度","×","P => isTrail(P) && !isPhysBody(P)","","参数 / 当前层 / 发射器 / 丝状火花"
"151-trBright","trBright","尾缀序列 · 引擎","number","引擎亮度倍数","引擎亮度倍数","输出","曝光光晕","×","P => familyOf(P.type) === 'rise' && P.form === 'trail'","","参数 / 当前层 / 烘焙输出"
"152-trExport4K","trExport4K","尾缀序列 · 引擎","select","导出 4K 母版","导出 4K 母版","输出","贴图","","P => familyOf(P.type) === 'rise' && P.form === 'trail'","","参数 / 当前层 / 烘焙输出"
"153-phView","phView","物理尾缀 · 镜头","number","视野高度","视野高度","输出","镜头","m","P => familyOf(P.type) === 'rise' && P.form === 'phys'","","参数 / 当前层 / 烘焙输出"
"154-phHead","phHead","物理尾缀 · 镜头","number","星头位置","星头位置","输出","镜头","","P => familyOf(P.type) === 'rise' && P.form === 'phys'","","参数 / 当前层 / 烘焙输出"
"155-phExpo","phExpo","物理尾缀 · 镜头","number","曝光倍数","曝光倍数","输出","镜头","×","P => familyOf(P.type) === 'rise' && P.form === 'phys'","","参数 / 当前层 / 烘焙输出"
"156-phV0","phV0","物理尾缀 · 弹道与空气","number","出膛速度","出膛速度","星头","弹道","m/s","P => isPhys(P) || isPhysBody(P)","P => familyOf(P.type) === 'rise' && P.form === 'phys'","参数 / 当前层 / 发射器 / 星头"
"157-phK","phK","物理尾缀 · 弹道与空气","number","弹体阻力","阻力","星头","弹道","1/m","P => isPhys(P) || isPhysBody(P)","P => familyOf(P.type) === 'rise' && P.form === 'phys'","参数 / 当前层 / 发射器 / 星头"
"158-phT","phT","物理尾缀 · 弹道与空气","number","开花时刻","开花时刻","星头","弹道","s","P => isPhys(P) || isPhysBody(P)","P => familyOf(P.type) === 'rise' && P.form === 'phys'","参数 / 当前层 / 发射器 / 星头"
"159-phWob","phWob","物理尾缀 · 弹道与空气","number","弹体摆动","摆动","星头","弹道","m","P => isPhys(P) || isPhysBody(P)","","参数 / 当前层 / 发射器 / 星头"
"160-phSpinF","phSpinF","物理尾缀 · 弹道与空气","number","弹体转速","转速","星头","自转","转/秒","P => isPhys(P) || isPhysBody(P)","","参数 / 当前层 / 发射器 / 星头"
"161-phSpinA","phSpinA","物理尾缀 · 弹道与空气","number","自转甩出速度","甩出速度","星头","自转","m/s","P => isPhys(P) || isPhysBody(P)","","参数 / 当前层 / 发射器 / 星头"
"162-phWind","phWind","物理尾缀 · 弹道与空气","number","风速","风速","效果","环境","m/s","P => isPhys(P) || isPhysBody(P)","","参数 / 当前层 / 层设置"
"163-phTurb","phTurb","物理尾缀 · 弹道与空气","number","冻结湍流","冻结湍流","效果","环境","m/s","P => isPhys(P) || isPhysBody(P)","","参数 / 当前层 / 层设置"
"164-seed","seed","物理尾缀 · 弹道与空气","number","随机种子","随机种子","效果","规格","","P => isPhys(P) || isPhysBody(P)","","参数 / 当前层 / 层设置"
"165-phFlL0","phFlL0","物理尾缀 · 星头燃气焰","number","基础长度","基础长度","星头","燃气焰","m","P => isPhys(P) || isPhysBody(P)","","参数 / 当前层 / 发射器 / 星头"
"166-phFlLv","phFlLv","物理尾缀 · 星头燃气焰","number","随速度变长","随速度变长","星头","燃气焰","s","P => isPhys(P) || isPhysBody(P)","","参数 / 当前层 / 发射器 / 星头"
"167-phFlW","phFlW","物理尾缀 · 星头燃气焰","number","粗细","粗细","星头","燃气焰","m","P => isPhys(P) || isPhysBody(P)","","参数 / 当前层 / 发射器 / 星头"
"168-phFlI","phFlI","物理尾缀 · 星头燃气焰","number","亮度","亮度","星头","燃气焰","","P => isPhys(P) || isPhysBody(P)","","参数 / 当前层 / 发射器 / 星头"
"169-phARate","phARate","物理尾缀 · 火粉（白热段）","number","生成速率","生成速率","白热火花","生成","颗/秒","P => isPhys(P) || isPhysBody(P)","","参数 / 当前层 / 发射器 / 白热火花"
"170-phALife","phALife","物理尾缀 · 火粉（白热段）","number","寿命","寿命","白热火花","寿命","s","P => isPhys(P) || isPhysBody(P)","","参数 / 当前层 / 发射器 / 白热火花"
"171-phAJet","phAJet","物理尾缀 · 火粉（白热段）","number","喷出速度","喷出速度","白热火花","初速","m/s","P => isPhys(P) || isPhysBody(P)","","参数 / 当前层 / 发射器 / 白热火花"
"172-phACone","phACone","物理尾缀 · 火粉（白热段）","number","横向速度随机","横向速度随机","白热火花","初速","m/s","P => isPhys(P) || isPhysBody(P)","","参数 / 当前层 / 发射器 / 白热火花"
"173-phAKd","phAKd","物理尾缀 · 火粉（白热段）","number","阻力","阻力","白热火花","受力","1/s","P => isPhys(P) || isPhysBody(P)","","参数 / 当前层 / 发射器 / 白热火花"
"174-phAT0","phAT0","物理尾缀 · 火粉（白热段）","number","温度","温度","白热火花","颜色","K","P => isPhys(P) || isPhysBody(P)","","参数 / 当前层 / 发射器 / 白热火花"
"175-phAI","phAI","物理尾缀 · 火粉（白热段）","number","亮度","亮度","白热火花","亮度","","P => isPhys(P) || isPhysBody(P)","","参数 / 当前层 / 发射器 / 白热火花"
"176-phAR","phAR","物理尾缀 · 火粉（白热段）","number","大小","大小","白热火花","大小","m","P => isPhys(P) || isPhysBody(P)","","参数 / 当前层 / 发射器 / 白热火花"
"177-phBRate","phBRate","物理尾缀 · 金火星（木炭）","number","生成速率","生成速率","金火花","生成","颗/秒","P => isPhys(P) || isPhysBody(P)","","参数 / 当前层 / 发射器 / 金火花"
"178-phBPuff","phBPuff","物理尾缀 · 金火星（木炭）","number","每簇颗数","每簇颗数","金火花","生成","颗","P => isPhys(P) || isPhysBody(P)","","参数 / 当前层 / 发射器 / 金火花"
"179-phBLife","phBLife","物理尾缀 · 金火星（木炭）","number","寿命","寿命","金火花","寿命","s","P => isPhys(P) || isPhysBody(P)","","参数 / 当前层 / 发射器 / 金火花"
"180-phBLsig","phBLsig","物理尾缀 · 金火星（木炭）","number","寿命随机","寿命随机","金火花","寿命","","P => isPhys(P) || isPhysBody(P)","","参数 / 当前层 / 发射器 / 金火花"
"181-phBJet","phBJet","物理尾缀 · 金火星（木炭）","number","喷出速度","喷出速度","金火花","初速","m/s","P => isPhys(P) || isPhysBody(P)","","参数 / 当前层 / 发射器 / 金火花"
"182-phBCone","phBCone","物理尾缀 · 金火星（木炭）","number","横向速度随机","横向速度随机","金火花","初速","m/s","P => isPhys(P) || isPhysBody(P)","","参数 / 当前层 / 发射器 / 金火花"
"183-phBKd","phBKd","物理尾缀 · 金火星（木炭）","number","阻力","阻力","金火花","受力","1/s","P => isPhys(P) || isPhysBody(P)","","参数 / 当前层 / 发射器 / 金火花"
"184-phBT0","phBT0","物理尾缀 · 金火星（木炭）","number","出喷口温度","出喷口温度","金火花","颜色","K","P => isPhys(P) || isPhysBody(P)","","参数 / 当前层 / 发射器 / 金火花"
"185-phBTb","phBTb","物理尾缀 · 金火星（木炭）","number","燃烧温度","燃烧温度","金火花","颜色","K","P => isPhys(P) || isPhysBody(P)","","参数 / 当前层 / 发射器 / 金火花"
"186-phBTc","phBTc","物理尾缀 · 金火星（木炭）","number","降温时间","降温时间","金火花","颜色","s","P => isPhys(P) || isPhysBody(P)","","参数 / 当前层 / 发射器 / 金火花"
"187-phBTend","phBTend","物理尾缀 · 金火星（木炭）","number","熄灭温度","熄灭温度","金火花","颜色","K","P => isPhys(P) || isPhysBody(P)","","参数 / 当前层 / 发射器 / 金火花"
"188-phBPm","phBPm","物理尾缀 · 金火星（木炭）","number","渐暗指数","渐暗指数","金火花","亮度","","P => isPhys(P) || isPhysBody(P)","","参数 / 当前层 / 发射器 / 金火花"
"189-phBI","phBI","物理尾缀 · 金火星（木炭）","number","亮度","亮度","金火花","亮度","","P => isPhys(P) || isPhysBody(P)","","参数 / 当前层 / 发射器 / 金火花"
"190-phBTw","phBTw","物理尾缀 · 金火星（木炭）","number","闪烁强度","闪烁强度","金火花","亮度","","P => isPhys(P) || isPhysBody(P)","","参数 / 当前层 / 发射器 / 金火花"
"191-phBR","phBR","物理尾缀 · 金火星（木炭）","number","大小","大小","金火花","大小","m","P => isPhys(P) || isPhysBody(P)","","参数 / 当前层 / 发射器 / 金火花"
"192-phCRate","phCRate","物理尾缀 · 落火","number","生成速率","生成速率","落火","生成","颗/秒","P => isPhys(P) || isPhysBody(P)","","参数 / 当前层 / 发射器 / 落火"
"193-phCLife","phCLife","物理尾缀 · 落火","number","寿命","寿命","落火","寿命","s","P => isPhys(P) || isPhysBody(P)","","参数 / 当前层 / 发射器 / 落火"
"194-phCKd","phCKd","物理尾缀 · 落火","number","阻力","阻力","落火","受力","1/s","P => isPhys(P) || isPhysBody(P)","","参数 / 当前层 / 发射器 / 落火"
"195-phCI","phCI","物理尾缀 · 落火","number","亮度","亮度","落火","亮度","","P => isPhys(P) || isPhysBody(P)","","参数 / 当前层 / 发射器 / 落火"
"196-phCR","phCR","物理尾缀 · 落火","number","大小","大小","落火","大小","m","P => isPhys(P) || isPhysBody(P)","","参数 / 当前层 / 发射器 / 落火"
"197a-rtBall","rtBall","尾缀 · 弹道与规格","select","弹道算法","弹道算法","星头","弹道","","P => familyOf(P.type) === 'rise' && P.form === 'emitset'","","参数 / 当前层 / 发射器 / 星头"
"197-rtH","rtH","尾缀 · 弹道与规格","number","开花高度","开花高度","星头","弹道","m","P => familyOf(P.type) === 'rise' && P.form === 'emitset'","","参数 / 当前层 / 发射器 / 星头"
"198-rtT","rtT","尾缀 · 弹道与规格","number","升空时间","升空时间","星头","弹道","s","P => familyOf(P.type) === 'rise' && P.form === 'emitset'","P => +P.rtBall !== 1","参数 / 当前层 / 发射器 / 星头"
"199-rtVb","rtVb","尾缀 · 弹道与规格","number","开花时速度","开花时速度","星头","弹道","m/s","P => familyOf(P.type) === 'rise' && P.form === 'emitset'","","参数 / 当前层 / 发射器 / 星头"
"200-rtLean","rtLean","尾缀 · 弹道与规格","number","弹道倾角","弹道倾角","星头","弹道","°","P => familyOf(P.type) === 'rise' && P.form === 'emitset'","","参数 / 当前层 / 发射器 / 星头"
"201-rtD","rtD","尾缀 · 弹道与规格","number","弹径","弹径","星头","自转与喷射","m","P => familyOf(P.type) === 'rise' && P.form === 'emitset'","","参数 / 当前层 / 发射器 / 星头"
"201b-rtVt","rtVt","尾缀 · 弹道与规格","number","终端速度","终端速度","星头","弹道","m/s","P => familyOf(P.type) === 'rise' && P.form === 'emitset'","P => +P.rtBall === 1","参数 / 当前层 / 发射器 / 星头"
"201c-info:ballInfo","info:ballInfo","尾缀 · 弹道与规格","info","弹道结果","弹道结果","星头","弹道","","P => familyOf(P.type) === 'rise' && P.form === 'emitset'","","参数 / 当前层 / 发射器 / 星头"
"202-rtBurstD","rtBurstD","尾缀 · 弹道与规格","number","参考开花直径","参考开花直径","输出","取景","m","P => familyOf(P.type) === 'rise' && P.form === 'emitset'","","参数 / 当前层 / 烘焙输出"
"203-seed","seed","尾缀 · 弹道与规格","number","随机种子","随机种子","效果","规格","","P => familyOf(P.type) === 'rise' && P.form === 'emitset'","","参数 / 当前层 / 层设置"
"204-rtSpin","rtSpin","尾缀 · 自转螺旋与喷射","number","自转转速","自转转速","星头","自转与喷射","转/秒","P => familyOf(P.type) === 'rise' && P.form === 'emitset'","","参数 / 当前层 / 发射器 / 星头"
"205-rtSpinPh","rtSpinPh","尾缀 · 自转螺旋与喷射","number","起始相位","起始相位","星头","自转与喷射","圈","P => familyOf(P.type) === 'rise' && P.form === 'emitset'","","参数 / 当前层 / 发射器 / 星头"
"206-rtFling","rtFling","尾缀 · 自转螺旋与喷射","number","切向甩出速度","切向甩出速度","星头","自转与喷射","m/s","P => familyOf(P.type) === 'rise' && P.form === 'emitset'","","参数 / 当前层 / 发射器 / 星头"
"207-rtJet","rtJet","尾缀 · 自转螺旋与喷射","number","火花喷出速度","火花喷出速度","星头","自转与喷射","m/s","P => familyOf(P.type) === 'rise' && P.form === 'emitset'","","参数 / 当前层 / 发射器 / 星头"
"208-rtCone","rtCone","尾缀 · 自转螺旋与喷射","number","横向速度随机","横向速度随机","星头","自转与喷射","m/s","P => familyOf(P.type) === 'rise' && P.form === 'emitset'","","参数 / 当前层 / 发射器 / 星头"
"209-rtPulse","rtPulse","尾缀 · 自转螺旋与喷射","number","喷射脉动","喷射脉动","星头","自转与喷射","","P => familyOf(P.type) === 'rise' && P.form === 'emitset'","","参数 / 当前层 / 发射器 / 星头"
"210-rtPulseHz","rtPulseHz","尾缀 · 自转螺旋与喷射","number","脉动频率","脉动频率","星头","自转与喷射","Hz","P => familyOf(P.type) === 'rise' && P.form === 'emitset'","P => P.rtPulse > 0","参数 / 当前层 / 发射器 / 星头"
"211-rtHeadSize","rtHeadSize","尾缀 · 星头（循环层）","number","亮核直径","亮核直径","星头","大小","m","P => familyOf(P.type) === 'rise' && P.form === 'emitset'","","参数 / 当前层 / 发射器 / 星头"
"212-rtHeadI","rtHeadI","尾缀 · 星头（循环层）","number","星头亮度","亮度","星头","亮度","×","P => familyOf(P.type) === 'rise' && P.form === 'emitset'","","参数 / 当前层 / 发射器 / 星头"
"213-rtHeadFl","rtHeadFl","尾缀 · 星头（循环层）","number","短焰长度","短焰长度","星头","大小","m","P => familyOf(P.type) === 'rise' && P.form === 'emitset'","","参数 / 当前层 / 发射器 / 星头"
"214-rtHeadFlI","rtHeadFlI","尾缀 · 星头（循环层）","number","短焰亮度","短焰亮度","星头","亮度","×","P => familyOf(P.type) === 'rise' && P.form === 'emitset'","P => P.rtHeadFl > 0","参数 / 当前层 / 发射器 / 星头"
"215-rtARate","rtARate","尾缀 · 白热段火粉（循环层）","number","生成速率","生成速率","白热火花","生成","颗/秒","P => familyOf(P.type) === 'rise' && P.form === 'emitset'","","参数 / 当前层 / 发射器 / 白热火花"
"216-rtALife","rtALife","尾缀 · 白热段火粉（循环层）","number","寿命","寿命","白热火花","寿命","s","P => familyOf(P.type) === 'rise' && P.form === 'emitset'","","参数 / 当前层 / 发射器 / 白热火花"
"217-rtALsig","rtALsig","尾缀 · 白热段火粉（循环层）","number","寿命随机","寿命随机","白热火花","寿命","","P => familyOf(P.type) === 'rise' && P.form === 'emitset'","","参数 / 当前层 / 发射器 / 白热火花"
"218-rtAJet","rtAJet","尾缀 · 白热段火粉（循环层）","number","喷出速度","喷出速度","白热火花","初速","m/s","P => familyOf(P.type) === 'rise' && P.form === 'emitset'","","参数 / 当前层 / 发射器 / 白热火花"
"219-rtAKd","rtAKd","尾缀 · 白热段火粉（循环层）","number","阻力","阻力","白热火花","受力","1/s","P => familyOf(P.type) === 'rise' && P.form === 'emitset'","","参数 / 当前层 / 发射器 / 白热火花"
"220-rtACone","rtACone","尾缀 · 白热段火粉（循环层）","number","横向速度随机","横向速度随机","白热火花","初速","m/s","P => familyOf(P.type) === 'rise' && P.form === 'emitset'","","参数 / 当前层 / 发射器 / 白热火花"
"221-rtASize","rtASize","尾缀 · 白热段火粉（循环层）","number","大小","大小","白热火花","大小","m","P => familyOf(P.type) === 'rise' && P.form === 'emitset'","","参数 / 当前层 / 发射器 / 白热火花"
"222-rtAI","rtAI","尾缀 · 白热段火粉（循环层）","number","亮度","亮度","白热火花","亮度","×","P => familyOf(P.type) === 'rise' && P.form === 'emitset'","","参数 / 当前层 / 发射器 / 白热火花"
"223-rtAWarm","rtAWarm","尾缀 · 白热段火粉（循环层）","number","变暗快慢","变暗快慢","白热火花","亮度","","P => familyOf(P.type) === 'rise' && P.form === 'emitset'","","参数 / 当前层 / 发射器 / 白热火花"
"224-rtFRate","rtFRate","尾缀 · 金火星（GPU 粒子 · 三档粒径）","number","细 · 生成速率","生成速率","细火花","生成","颗/秒","P => familyOf(P.type) === 'rise' && P.form === 'emitset'","","参数 / 当前层 / 发射器 / 细火花"
"225-rtFLife","rtFLife","尾缀 · 金火星（GPU 粒子 · 三档粒径）","number","细 · 寿命","寿命","细火花","寿命","s","P => familyOf(P.type) === 'rise' && P.form === 'emitset'","","参数 / 当前层 / 发射器 / 细火花"
"226-rtFJit","rtFJit","尾缀 · 金火星（GPU 粒子 · 三档粒径）","number","细 · 寿命随机","寿命随机","细火花","寿命","%","P => familyOf(P.type) === 'rise' && P.form === 'emitset'","","参数 / 当前层 / 发射器 / 细火花"
"227-rtFSize","rtFSize","尾缀 · 金火星（GPU 粒子 · 三档粒径）","number","细 · 大小","大小","细火花","大小","m","P => familyOf(P.type) === 'rise' && P.form === 'emitset'","","参数 / 当前层 / 发射器 / 细火花"
"228-rtFI","rtFI","尾缀 · 金火星（GPU 粒子 · 三档粒径）","number","细 · 亮度","亮度","细火花","亮度","×","P => familyOf(P.type) === 'rise' && P.form === 'emitset'","","参数 / 当前层 / 发射器 / 细火花"
"229-rtFKd","rtFKd","尾缀 · 金火星（GPU 粒子 · 三档粒径）","number","细 · 阻力","阻力","细火花","受力","1/s","P => familyOf(P.type) === 'rise' && P.form === 'emitset'","","参数 / 当前层 / 发射器 / 细火花"
"230-rtMRate","rtMRate","尾缀 · 金火星（GPU 粒子 · 三档粒径）","number","中 · 生成速率","生成速率","中火花","生成","颗/秒","P => familyOf(P.type) === 'rise' && P.form === 'emitset'","","参数 / 当前层 / 发射器 / 中火花"
"231-rtMLife","rtMLife","尾缀 · 金火星（GPU 粒子 · 三档粒径）","number","中 · 寿命","寿命","中火花","寿命","s","P => familyOf(P.type) === 'rise' && P.form === 'emitset'","","参数 / 当前层 / 发射器 / 中火花"
"232-rtMJit","rtMJit","尾缀 · 金火星（GPU 粒子 · 三档粒径）","number","中 · 寿命随机","寿命随机","中火花","寿命","%","P => familyOf(P.type) === 'rise' && P.form === 'emitset'","","参数 / 当前层 / 发射器 / 中火花"
"233-rtMSize","rtMSize","尾缀 · 金火星（GPU 粒子 · 三档粒径）","number","中 · 大小","大小","中火花","大小","m","P => familyOf(P.type) === 'rise' && P.form === 'emitset'","","参数 / 当前层 / 发射器 / 中火花"
"234-rtMI","rtMI","尾缀 · 金火星（GPU 粒子 · 三档粒径）","number","中 · 亮度","亮度","中火花","亮度","×","P => familyOf(P.type) === 'rise' && P.form === 'emitset'","","参数 / 当前层 / 发射器 / 中火花"
"235-rtMKd","rtMKd","尾缀 · 金火星（GPU 粒子 · 三档粒径）","number","中 · 阻力","阻力","中火花","受力","1/s","P => familyOf(P.type) === 'rise' && P.form === 'emitset'","","参数 / 当前层 / 发射器 / 中火花"
"236-rtCRate","rtCRate","尾缀 · 金火星（GPU 粒子 · 三档粒径）","number","粗 · 生成速率","生成速率","粗火花","生成","颗/秒","P => familyOf(P.type) === 'rise' && P.form === 'emitset'","","参数 / 当前层 / 发射器 / 粗火花"
"237-rtCLife","rtCLife","尾缀 · 金火星（GPU 粒子 · 三档粒径）","number","粗 · 寿命","寿命","粗火花","寿命","s","P => familyOf(P.type) === 'rise' && P.form === 'emitset'","","参数 / 当前层 / 发射器 / 粗火花"
"238-rtCJit","rtCJit","尾缀 · 金火星（GPU 粒子 · 三档粒径）","number","粗 · 寿命随机","寿命随机","粗火花","寿命","%","P => familyOf(P.type) === 'rise' && P.form === 'emitset'","","参数 / 当前层 / 发射器 / 粗火花"
"239-rtCSize","rtCSize","尾缀 · 金火星（GPU 粒子 · 三档粒径）","number","粗 · 大小","大小","粗火花","大小","m","P => familyOf(P.type) === 'rise' && P.form === 'emitset'","","参数 / 当前层 / 发射器 / 粗火花"
"240-rtCI","rtCI","尾缀 · 金火星（GPU 粒子 · 三档粒径）","number","粗 · 亮度","亮度","粗火花","亮度","×","P => familyOf(P.type) === 'rise' && P.form === 'emitset'","","参数 / 当前层 / 发射器 / 粗火花"
"241-rtCKd","rtCKd","尾缀 · 金火星（GPU 粒子 · 三档粒径）","number","粗 · 阻力","阻力","粗火花","受力","1/s","P => familyOf(P.type) === 'rise' && P.form === 'emitset'","","参数 / 当前层 / 发射器 / 粗火花"
"242-rtSizeJit","rtSizeJit","尾缀 · 金火星（GPU 粒子 · 三档粒径）","number","大小随机","大小随机","火花共用","随机","±%","P => familyOf(P.type) === 'rise' && P.form === 'emitset'","","参数 / 当前层 / 发射器 / 火花共用"
"243-rtKdJit","rtKdJit","尾缀 · 金火星（GPU 粒子 · 三档粒径）","number","阻力随机","阻力随机","火花共用","随机","±%","P => familyOf(P.type) === 'rise' && P.form === 'emitset'","","参数 / 当前层 / 发射器 / 火花共用"
"244-rtConeSoft","rtConeSoft","尾缀 · 金火星（GPU 粒子 · 三档粒径）","number","散开软边","散开软边","火花共用","随机","","P => familyOf(P.type) === 'rise' && P.form === 'emitset'","P => +P.rtGpuSafe !== 1","参数 / 当前层 / 发射器 / 火花共用"
"244b-rtGpuSafe","rtGpuSafe","尾缀 · 金火星（GPU 粒子 · 三档粒径）","select","GPU 兼容","GPU 兼容","火花共用","受力","","P => familyOf(P.type) === 'rise' && P.form === 'emitset'","","参数 / 当前层 / 发射器 / 火花共用"
"460-101-rtFSizeCurve","rtFSizeCurve","尾缀 · 金火星（GPU 粒子 · 三档粒径）","curve","细火花大小随寿命","随寿命","细火花","大小","","P => familyOf(P.type) === 'rise' && P.form === 'emitset'","P => P.rtFRate > 0","参数 / 当前层 / 发射器 / 细火花"
"460-102-rtFBrightCurve","rtFBrightCurve","尾缀 · 金火星（GPU 粒子 · 三档粒径）","curve","细火花亮度随寿命","随寿命","细火花","亮度","","P => familyOf(P.type) === 'rise' && P.form === 'emitset'","P => P.rtFRate > 0","参数 / 当前层 / 发射器 / 细火花"
"460-103-rtMSizeCurve","rtMSizeCurve","尾缀 · 金火星（GPU 粒子 · 三档粒径）","curve","中火花大小随寿命","随寿命","中火花","大小","","P => familyOf(P.type) === 'rise' && P.form === 'emitset'","P => P.rtMRate > 0","参数 / 当前层 / 发射器 / 中火花"
"460-104-rtMBrightCurve","rtMBrightCurve","尾缀 · 金火星（GPU 粒子 · 三档粒径）","curve","中火花亮度随寿命","随寿命","中火花","亮度","","P => familyOf(P.type) === 'rise' && P.form === 'emitset'","P => P.rtMRate > 0","参数 / 当前层 / 发射器 / 中火花"
"460-105-rtCSizeCurve","rtCSizeCurve","尾缀 · 金火星（GPU 粒子 · 三档粒径）","curve","粗火花大小随寿命","随寿命","粗火花","大小","","P => familyOf(P.type) === 'rise' && P.form === 'emitset'","P => P.rtCRate > 0","参数 / 当前层 / 发射器 / 粗火花"
"460-106-rtCBrightCurve","rtCBrightCurve","尾缀 · 金火星（GPU 粒子 · 三档粒径）","curve","粗火花亮度随寿命","随寿命","粗火花","亮度","","P => familyOf(P.type) === 'rise' && P.form === 'emitset'","P => P.rtCRate > 0","参数 / 当前层 / 发射器 / 粗火花"
"245c-rtFar","rtFar","尾缀 · 贴图里的火星（循环层）","select","贴图怎么分","贴图怎么分","火花共用","贴图","","P => familyOf(P.type) === 'rise' && P.form === 'emitset'","","参数 / 当前层 / 发射器 / 火花共用"
"245-rtFTex","rtFTex","尾缀 · 贴图里的火星（循环层）","number","贴图火花比例","贴图火花比例","火花共用","贴图","","P => familyOf(P.type) === 'rise' && P.form === 'emitset'","P => +P.rtFar !== 1","参数 / 当前层 / 发射器 / 火花共用"
"245b-rtMTex","rtMTex","尾缀 · 贴图里的火星（循环层）","number","中火花进贴图","中火花进贴图","火花共用","贴图","","P => familyOf(P.type) === 'rise' && P.form === 'emitset'","P => +P.rtFar !== 1","参数 / 当前层 / 发射器 / 火花共用"
"245d-rtNearA0","rtNearA0","尾缀 · 贴图里的火星（循环层）","number","近段交接开始","交接开始","火花共用","贴图","s","P => familyOf(P.type) === 'rise' && P.form === 'emitset'","P => +P.rtFar === 1","参数 / 当前层 / 发射器 / 火花共用"
"245e-rtNearA1","rtNearA1","尾缀 · 贴图里的火星（循环层）","number","近段交接完","交接完","火花共用","贴图","s","P => familyOf(P.type) === 'rise' && P.form === 'emitset'","P => +P.rtFar === 1","参数 / 当前层 / 发射器 / 火花共用"
"245cc-rtNearExpo","rtNearExpo","尾缀 · 贴图里的火星（循环层）","number","近段贴图曝光","近段曝光","火花共用","贴图","×","P => familyOf(P.type) === 'rise' && P.form === 'emitset'","P => +P.rtFar === 1","参数 / 当前层 / 发射器 / 火花共用"
"245cd-rtFarVz","rtFarVz","尾缀 · 贴图里的火星（循环层）","number","远段面片上移速度","远段上移速度","火花共用","贴图","m/s","P => familyOf(P.type) === 'rise' && P.form === 'emitset'","P => +P.rtFar === 1","参数 / 当前层 / 发射器 / 火花共用"
"245f-rtGpuC","rtGpuC","尾缀 · 贴图里的火星（循环层）","number","粗火花 GPU 颗数","GPU 颗数","粗火花","生成","颗","P => familyOf(P.type) === 'rise' && P.form === 'emitset'","P => +P.rtFar === 1","参数 / 当前层 / 发射器 / 粗火花"
"245g-rtGpuM","rtGpuM","尾缀 · 贴图里的火星（循环层）","number","闪烁火花 GPU 颗数","GPU 颗数","中火花","生成","颗","P => familyOf(P.type) === 'rise' && P.form === 'emitset'","P => +P.rtFar === 1","参数 / 当前层 / 发射器 / 中火花"
"245h-rtGpuF","rtGpuF","尾缀 · 贴图里的火星（循环层）","number","细火花 GPU 颗数","GPU 颗数","细火花","生成","颗","P => familyOf(P.type) === 'rise' && P.form === 'emitset'","P => +P.rtFar === 1","参数 / 当前层 / 发射器 / 细火花"
"245i-rtGpuTw","rtGpuTw","尾缀 · 贴图里的火星（循环层）","number","闪烁火花的闪烁","闪烁","中火花","亮度","","P => familyOf(P.type) === 'rise' && P.form === 'emitset'","P => +P.rtFar === 1 && P.rtGpuM > 0","参数 / 当前层 / 发射器 / 中火花"
"245j-rtGpuDisp","rtGpuDisp","尾缀 · 贴图里的火星（循环层）","number","GPU 火花远看直径","远看直径","火花共用","大小","m","P => familyOf(P.type) === 'rise' && P.form === 'emitset'","","参数 / 当前层 / 发射器 / 火花共用"
"245k-rtGpuGain","rtGpuGain","尾缀 · 贴图里的火星（循环层）","number","GPU 火花远看增益","远看增益","火花共用","大小","×","P => familyOf(P.type) === 'rise' && P.form === 'emitset'","P => P.rtGpuDisp > 0","参数 / 当前层 / 发射器 / 火花共用"
"246-rtTexI","rtTexI","尾缀 · 贴图里的火星（循环层）","number","贴图火花亮度","贴图火花亮度","火花共用","贴图","×","P => familyOf(P.type) === 'rise' && P.form === 'emitset'","P => P.rtFTex > 0 || P.rtMTex > 0 || +P.rtFar === 1","参数 / 当前层 / 发射器 / 火花共用"
"246b-rtTexCal","rtTexCal","尾缀 · 贴图里的火星（循环层）","select","贴图亮度口径","贴图亮度口径","火花共用","贴图","","P => familyOf(P.type) === 'rise' && P.form === 'emitset'","P => P.rtFTex > 0 || P.rtMTex > 0 || +P.rtFar === 1","参数 / 当前层 / 发射器 / 火花共用"
"246c-rtGpuMax","rtGpuMax","尾缀 · 贴图里的火星（循环层）","number","GPU 粒子上限","GPU 粒子上限","火花共用","贴图","颗","P => familyOf(P.type) === 'rise' && P.form === 'emitset'","","参数 / 当前层 / 发射器 / 火花共用"
"247-rtGlow","rtGlow","尾缀 · 引擎里加的效果","number","星头光晕亮度","亮度","星头","光晕","×","P => familyOf(P.type) === 'rise' && P.form === 'emitset'","","参数 / 当前层 / 发射器 / 星头"
"248-rtGlowSize","rtGlowSize","尾缀 · 引擎里加的效果","number","星头光晕直径","直径","星头","光晕","m","P => familyOf(P.type) === 'rise' && P.form === 'emitset'","P => P.rtGlow > 0","参数 / 当前层 / 发射器 / 星头"
"249-rtPopRate","rtPopRate","尾缀 · 引擎里加的效果","number","爆亮生成速率","生成速率","爆亮","生成","颗/秒","P => familyOf(P.type) === 'rise' && P.form === 'emitset'","","参数 / 当前层 / 发射器 / 爆亮"
"250-rtPopI","rtPopI","尾缀 · 引擎里加的效果","number","爆亮亮度","亮度","爆亮","亮度","×","P => familyOf(P.type) === 'rise' && P.form === 'emitset'","P => P.rtPopRate > 0","参数 / 当前层 / 发射器 / 爆亮"
"251-rtPopSize","rtPopSize","尾缀 · 引擎里加的效果","number","爆亮大小","大小","爆亮","大小","m","P => familyOf(P.type) === 'rise' && P.form === 'emitset'","P => P.rtPopRate > 0","参数 / 当前层 / 发射器 / 爆亮"
"252-rtPopAt","rtPopAt","尾缀 · 引擎里加的效果","number","爆亮时刻","时刻（占寿命）","爆亮","寿命","","P => familyOf(P.type) === 'rise' && P.form === 'emitset'","P => P.rtPopRate > 0","参数 / 当前层 / 发射器 / 爆亮"
"253-rtLaunch","rtLaunch","尾缀 · 引擎里加的效果","number","发射口闪光亮度","亮度","发射口","闪光","×","P => familyOf(P.type) === 'rise' && P.form === 'emitset'","","参数 / 当前层 / 发射器 / 发射口"
"254-rtLaunchSize","rtLaunchSize","尾缀 · 引擎里加的效果","number","发射口闪光直径","直径","发射口","闪光","m","P => familyOf(P.type) === 'rise' && P.form === 'emitset'","P => P.rtLaunch > 0","参数 / 当前层 / 发射器 / 发射口"
"255-rtLaunchN","rtLaunchN","尾缀 · 引擎里加的效果","number","发射口火花数","数量","发射口","火花","颗","P => familyOf(P.type) === 'rise' && P.form === 'emitset'","P => P.rtLaunch > 0","参数 / 当前层 / 发射器 / 发射口"
"256-rtLaunchV","rtLaunchV","尾缀 · 引擎里加的效果","number","发射口火花初速","初速","发射口","火花","m/s","P => familyOf(P.type) === 'rise' && P.form === 'emitset'","P => P.rtLaunch > 0 && P.rtLaunchN > 0","参数 / 当前层 / 发射器 / 发射口"
"257-rtLaunchCone","rtLaunchCone","尾缀 · 引擎里加的效果","number","发射口火花张角","张角","发射口","火花","°","P => familyOf(P.type) === 'rise' && P.form === 'emitset'","P => P.rtLaunch > 0 && P.rtLaunchN > 0","参数 / 当前层 / 发射器 / 发射口"
"258-rtLaunchI","rtLaunchI","尾缀 · 引擎里加的效果","number","发射口火花亮度","亮度","发射口","火花","×","P => familyOf(P.type) === 'rise' && P.form === 'emitset'","P => P.rtLaunch > 0 && P.rtLaunchN > 0","参数 / 当前层 / 发射器 / 发射口"
"460-109-rtPopSizeCurve","rtPopSizeCurve","尾缀 · 引擎里加的效果","curve","爆亮大小随寿命","随寿命","爆亮","大小","","P => familyOf(P.type) === 'rise' && P.form === 'emitset'","P => P.rtPopRate > 0","参数 / 当前层 / 发射器 / 爆亮"
"460-110-rtPopBrightCurve","rtPopBrightCurve","尾缀 · 引擎里加的效果","curve","爆亮亮度随寿命","随寿命","爆亮","亮度","","P => familyOf(P.type) === 'rise' && P.form === 'emitset'","P => P.rtPopRate > 0","参数 / 当前层 / 发射器 / 爆亮"
"460-113-rtLaunchSizeCurve","rtLaunchSizeCurve","尾缀 · 引擎里加的效果","curve","发射口闪光大小随寿命","大小随寿命","发射口","闪光","","P => familyOf(P.type) === 'rise' && P.form === 'emitset'","P => P.rtLaunch > 0","参数 / 当前层 / 发射器 / 发射口"
"460-114-rtLaunchBrightCurve","rtLaunchBrightCurve","尾缀 · 引擎里加的效果","curve","发射口闪光亮度随寿命","亮度随寿命","发射口","闪光","","P => familyOf(P.type) === 'rise' && P.form === 'emitset'","P => P.rtLaunch > 0","参数 / 当前层 / 发射器 / 发射口"
"460-115-rtLaunchSparkSizeCurve","rtLaunchSparkSizeCurve","尾缀 · 引擎里加的效果","curve","发射口火花大小随寿命","大小随寿命","发射口","火花","","P => familyOf(P.type) === 'rise' && P.form === 'emitset'","P => P.rtLaunch > 0 && P.rtLaunchN > 0","参数 / 当前层 / 发射器 / 发射口"
"460-116-rtLaunchSparkBrightCurve","rtLaunchSparkBrightCurve","尾缀 · 引擎里加的效果","curve","发射口火花亮度随寿命","亮度随寿命","发射口","火花","","P => familyOf(P.type) === 'rise' && P.form === 'emitset'","P => P.rtLaunch > 0 && P.rtLaunchN > 0","参数 / 当前层 / 发射器 / 发射口"
"460-117-rtGlowSizeCurve","rtGlowSizeCurve","尾缀 · 引擎里加的效果","curve","星头光晕大小随寿命","大小随寿命","星头","光晕","","P => familyOf(P.type) === 'rise' && P.form === 'emitset'","P => P.rtGlow > 0","参数 / 当前层 / 发射器 / 星头"
"460-118-rtGlowBrightCurve","rtGlowBrightCurve","尾缀 · 引擎里加的效果","curve","星头光晕亮度随寿命","亮度随寿命","星头","光晕","","P => familyOf(P.type) === 'rise' && P.form === 'emitset'","P => P.rtGlow > 0","参数 / 当前层 / 发射器 / 星头"
"259-rtFdT","rtFdT","尾缀 · 火星明暗与线状","number","细火花温度偏移","温度偏移","细火花","颜色","K","P => familyOf(P.type) === 'rise' && P.form === 'emitset'","","参数 / 当前层 / 发射器 / 细火花"
"260-rtMdT","rtMdT","尾缀 · 火星明暗与线状","number","中火花温度偏移","温度偏移","中火花","颜色","K","P => familyOf(P.type) === 'rise' && P.form === 'emitset'","","参数 / 当前层 / 发射器 / 中火花"
"261-rtCdT","rtCdT","尾缀 · 火星明暗与线状","number","粗火花温度偏移","温度偏移","粗火花","颜色","K","P => familyOf(P.type) === 'rise' && P.form === 'emitset'","","参数 / 当前层 / 发射器 / 粗火花"
"262-rtStreakT","rtStreakT","尾缀 · 火星明暗与线状","number","拖影时间","拖影时间","火花共用","拖影","s","P => familyOf(P.type) === 'rise' && P.form === 'emitset'","","参数 / 当前层 / 发射器 / 火花共用"
"263-rtStreakMax","rtStreakMax","尾缀 · 火星明暗与线状","number","最大拉长倍数","最大拉长倍数","火花共用","拖影","×","P => familyOf(P.type) === 'rise' && P.form === 'emitset'","P => P.rtStreakT > 0","参数 / 当前层 / 发射器 / 火花共用"
"264-rtFStreak","rtFStreak","尾缀 · 火星明暗与线状","number","细火花拖影倍数","拖影倍数","细火花","拖影","×","P => familyOf(P.type) === 'rise' && P.form === 'emitset'","P => P.rtStreakT > 0","参数 / 当前层 / 发射器 / 细火花"
"265-rtMStreak","rtMStreak","尾缀 · 火星明暗与线状","number","中火花拖影倍数","拖影倍数","中火花","拖影","×","P => familyOf(P.type) === 'rise' && P.form === 'emitset'","P => P.rtStreakT > 0","参数 / 当前层 / 发射器 / 中火花"
"266-rtCStreak","rtCStreak","尾缀 · 火星明暗与线状","number","粗火花拖影倍数","拖影倍数","粗火花","拖影","×","P => familyOf(P.type) === 'rise' && P.form === 'emitset'","P => P.rtStreakT > 0","参数 / 当前层 / 发射器 / 粗火花"
"267-rtTurb","rtTurb","尾缀 · 空气乱流","number","大涡阵风","大涡阵风","效果","环境","m/s","P => familyOf(P.type) === 'rise' && P.form === 'emitset'","P => +P.rtGpuSafe !== 1","参数 / 当前层 / 层设置"
"268-rtTurbL","rtTurbL","尾缀 · 空气乱流","number","大涡尺度","大涡尺度","效果","环境","m","P => familyOf(P.type) === 'rise' && P.form === 'emitset'","P => P.rtTurb > 0 && +P.rtGpuSafe !== 1","参数 / 当前层 / 层设置"
"269-rtTurbS","rtTurbS","尾缀 · 空气乱流","number","小涡漂移随机","小涡漂移随机","效果","环境","m/s","P => familyOf(P.type) === 'rise' && P.form === 'emitset'","","参数 / 当前层 / 层设置"
"270-rtT0","rtT0","尾缀 · 火星颜色与熄灭","number","出喷口温度","出喷口温度","火花共用","颜色","K","P => familyOf(P.type) === 'rise' && P.form === 'emitset'","","参数 / 当前层 / 发射器 / 火花共用"
"271-rtTb","rtTb","尾缀 · 火星颜色与熄灭","number","燃烧温度","燃烧温度","火花共用","颜色","K","P => familyOf(P.type) === 'rise' && P.form === 'emitset'","","参数 / 当前层 / 发射器 / 火花共用"
"272-rtTc","rtTc","尾缀 · 火星颜色与熄灭","number","降温时间","降温时间","火花共用","颜色","s","P => familyOf(P.type) === 'rise' && P.form === 'emitset'","","参数 / 当前层 / 发射器 / 火花共用"
"273-rtTend","rtTend","尾缀 · 火星颜色与熄灭","number","熄灭温度","熄灭温度","火花共用","颜色","K","P => familyOf(P.type) === 'rise' && P.form === 'emitset'","","参数 / 当前层 / 发射器 / 火花共用"
"274-rtTw","rtTw","尾缀 · 火星颜色与熄灭","number","闪烁强度","闪烁强度","火花共用","亮度","","P => familyOf(P.type) === 'rise' && P.form === 'emitset'","","参数 / 当前层 / 发射器 / 火花共用"
"275-rtShrink","rtShrink","尾缀 · 火星颜色与熄灭","number","熄灭时大小","熄灭时大小","火花共用","大小","×","P => familyOf(P.type) === 'rise' && P.form === 'emitset'","","参数 / 当前层 / 发射器 / 火花共用"
"276-rtERate","rtERate","尾缀 · 落火","number","生成速率","生成速率","落火","生成","颗/秒","P => familyOf(P.type) === 'rise' && P.form === 'emitset'","","参数 / 当前层 / 发射器 / 落火"
"277-rtELife","rtELife","尾缀 · 落火","number","寿命","寿命","落火","寿命","s","P => familyOf(P.type) === 'rise' && P.form === 'emitset'","","参数 / 当前层 / 发射器 / 落火"
"278-rtESize","rtESize","尾缀 · 落火","number","大小","大小","落火","大小","m","P => familyOf(P.type) === 'rise' && P.form === 'emitset'","","参数 / 当前层 / 发射器 / 落火"
"279-rtEI","rtEI","尾缀 · 落火","number","亮度","亮度","落火","亮度","×","P => familyOf(P.type) === 'rise' && P.form === 'emitset'","","参数 / 当前层 / 发射器 / 落火"
"280-rtEKd","rtEKd","尾缀 · 落火","number","阻力","阻力","落火","受力","1/s","P => familyOf(P.type) === 'rise' && P.form === 'emitset'","","参数 / 当前层 / 发射器 / 落火"
"460-107-rtESizeCurve","rtESizeCurve","尾缀 · 落火","curve","落火大小随寿命","随寿命","落火","大小","","P => familyOf(P.type) === 'rise' && P.form === 'emitset'","P => P.rtERate > 0","参数 / 当前层 / 发射器 / 落火"
"460-108-rtEBrightCurve","rtEBrightCurve","尾缀 · 落火","curve","落火亮度随寿命","随寿命","落火","亮度","","P => familyOf(P.type) === 'rise' && P.form === 'emitset'","P => P.rtERate > 0","参数 / 当前层 / 发射器 / 落火"
"281-rtSmoke","rtSmoke","尾缀 · 烟带","number","亮度","亮度","烟带","亮度","×","P => familyOf(P.type) === 'rise' && P.form === 'emitset'","","参数 / 当前层 / 发射器 / 烟带"
"282-rtSmokeRate","rtSmokeRate","尾缀 · 烟带","number","生成速率","生成速率","烟带","生成","团/秒","P => familyOf(P.type) === 'rise' && P.form === 'emitset'","P => P.rtSmoke > 0","参数 / 当前层 / 发射器 / 烟带"
"283-rtSmokeLife","rtSmokeLife","尾缀 · 烟带","number","寿命","寿命","烟带","寿命","s","P => familyOf(P.type) === 'rise' && P.form === 'emitset'","P => P.rtSmoke > 0","参数 / 当前层 / 发射器 / 烟带"
"284-rtSmokeSize","rtSmokeSize","尾缀 · 烟带","number","初始大小","初始大小","烟带","大小","m","P => familyOf(P.type) === 'rise' && P.form === 'emitset'","P => P.rtSmoke > 0","参数 / 当前层 / 发射器 / 烟带"
"285-rtSmokeGrow","rtSmokeGrow","尾缀 · 烟带","number","变大倍数","变大倍数","烟带","大小","×","P => familyOf(P.type) === 'rise' && P.form === 'emitset'","P => P.rtSmoke > 0","参数 / 当前层 / 发射器 / 烟带"
"460-111-rtSmokeSizeCurve","rtSmokeSizeCurve","尾缀 · 烟带","curve","烟带大小随寿命","随寿命","烟带","大小","","P => familyOf(P.type) === 'rise' && P.form === 'emitset'","P => P.rtSmoke > 0","参数 / 当前层 / 发射器 / 烟带"
"460-112-rtSmokeBrightCurve","rtSmokeBrightCurve","尾缀 · 烟带","curve","烟带亮度随寿命","随寿命","烟带","亮度","","P => familyOf(P.type) === 'rise' && P.form === 'emitset'","P => P.rtSmoke > 0","参数 / 当前层 / 发射器 / 烟带"
"285b-rtLoopSize","rtLoopSize","尾缀 · 引擎与导出","select","循环层长度","循环层长度","输出","取景","","P => familyOf(P.type) === 'rise' && P.form === 'emitset'","","参数 / 当前层 / 烘焙输出"
"285c-rtLoopMin","rtLoopMin","尾缀 · 引擎与导出","number","循环层最短","循环层最短","输出","取景","×","P => familyOf(P.type) === 'rise' && P.form === 'emitset'","P => +P.rtLoopSize === 1","参数 / 当前层 / 烘焙输出"
"286-rtGrid","rtGrid","尾缀 · 引擎与导出","number","格子排布","格子排布","输出","贴图","","P => familyOf(P.type) === 'rise' && P.form === 'emitset'","","参数 / 当前层 / 烘焙输出"
"287-rtMobileTex","rtMobileTex","尾缀 · 引擎与导出","number","手机贴图比例","手机贴图比例","输出","手机","×","P => familyOf(P.type) === 'rise' && P.form === 'emitset'","","参数 / 当前层 / 烘焙输出"
"288-rtBright","rtBright","尾缀 · 引擎与导出","number","循环层亮度","循环层亮度","输出","曝光光晕","×","P => familyOf(P.type) === 'rise' && P.form === 'emitset'","","参数 / 当前层 / 烘焙输出"
"289-rtDotGain","rtDotGain","尾缀 · 引擎与导出","number","火花总亮度","火花总亮度","输出","曝光光晕","×","P => familyOf(P.type) === 'rise' && P.form === 'emitset'","","参数 / 当前层 / 烘焙输出"
"290-rtMobile","rtMobile","尾缀 · 引擎与导出","number","手机粒子比例","手机粒子比例","输出","手机","×","P => familyOf(P.type) === 'rise' && P.form === 'emitset'","","参数 / 当前层 / 烘焙输出"
"291-rtDissolve","rtDissolve","尾缀 · 引擎与导出","number","溶解终值","溶解终值","输出","消散","","P => familyOf(P.type) === 'rise' && P.form === 'emitset'","","参数 / 当前层 / 烘焙输出"
"292-rtFadeFps","rtFadeFps","尾缀 · 引擎与导出","number","消散帧率","消散帧率","输出","消散","fps","P => familyOf(P.type) === 'rise' && P.form === 'emitset'","","参数 / 当前层 / 烘焙输出"
"293-shutter","shutter","尾缀 · 引擎与导出","number","循环层运动模糊","循环层运动模糊","输出","画质","","P => familyOf(P.type) === 'rise' && P.form === 'emitset'","","参数 / 当前层 / 烘焙输出"
"294-cellPad","cellPad","尾缀 · 引擎与导出","number","格子留边","格子留边","输出","贴图","px","P => familyOf(P.type) === 'rise' && P.form === 'emitset'","","参数 / 当前层 / 烘焙输出"
"295-loopT","loopT","地面 · 循环","number","循环周期","循环周期","效果","规格","s","P => familyOf(P.type) === 'ground'","","参数 / 当前层 / 层设置"
"296-seed","seed","地面 · 循环","number","随机种子","随机种子","效果","规格","","P => familyOf(P.type) === 'ground'","","参数 / 当前层 / 层设置"
"297-nozzles","nozzles","地面 · 循环","number","喷口数量","喷口数量","喷口","形状","个","P => familyOf(P.type) === 'ground'","P => P.type !== 'shikake'","参数 / 当前层 / 发射器 / 喷口"
"298-spacing","spacing","地面 · 循环","number","喷口间距","喷口间距","喷口","形状","m","P => familyOf(P.type) === 'ground'","P => ['falls', 'fan', 'shikake', 'fountain', 'barrage'].includes(P.type)","参数 / 当前层 / 发射器 / 喷口"
"299-groundH","groundH","地面 · 循环","number","离地高度","离地高度","喷口","形状","m","P => familyOf(P.type) === 'ground'","P => ['falls', 'wheel', 'shikake'].includes(P.type)","参数 / 当前层 / 发射器 / 喷口"
"300-wheelR","wheelR","地面 · 循环","number","转轮半径","转轮半径","喷口","形状","m","P => familyOf(P.type) === 'ground'","P => P.type === 'wheel'","参数 / 当前层 / 发射器 / 喷口"
"301-jetSpeed","jetSpeed","地面 · 循环","number","喷射速度","喷射速度","喷口","初速","m/s","P => familyOf(P.type) === 'ground'","P => !hasComets(P)","参数 / 当前层 / 发射器 / 喷口"
"302-jetCone","jetCone","地面 · 循环","number","喷射锥角","喷射锥角","喷口","初速","°","P => familyOf(P.type) === 'ground'","P => !hasComets(P)","参数 / 当前层 / 发射器 / 喷口"
"303-jetDir","jetDir","地面 · 循环","number","喷射方向","喷射方向","喷口","初速","°","P => familyOf(P.type) === 'ground'","P => ['fountain', 'falls'].includes(P.type)","参数 / 当前层 / 发射器 / 喷口"
"304-fanAngle","fanAngle","地面 · 循环","number","扇面角度","扇面角度","喷口","形状","°","P => familyOf(P.type) === 'ground'","P => hasComets(P) || P.type === 'fountain'","参数 / 当前层 / 发射器 / 喷口"
"305-shotRate","shotRate","地面 · 循环","number","彗星生成速率","生成速率","彗星","生成","发/秒","P => familyOf(P.type) === 'ground'","P => P.type === 'fan' || P.type === 'barrage'","参数 / 当前层 / 发射器 / 彗星"
"306-shotSpeed","shotSpeed","地面 · 循环","number","彗星初速","初速","彗星","初速","m/s","P => familyOf(P.type) === 'ground'","P => P.type === 'fan' || P.type === 'barrage'","参数 / 当前层 / 发射器 / 彗星"
"307-cometBurn","cometBurn","地面 · 循环","number","彗星燃烧时间","燃烧时间","彗星","寿命","s","P => familyOf(P.type) === 'ground'","P => P.type === 'fan' || P.type === 'barrage'","参数 / 当前层 / 发射器 / 彗星"
"308-vt","vt","地面 · 循环","number","彗星终端速度","终端速度","彗星","受力","m/s","P => familyOf(P.type) === 'ground'","P => P.type === 'fan' || P.type === 'barrage'","参数 / 当前层 / 发射器 / 彗星"
"309-burstStars","burstStars","地面 · 循环","number","末端子花数","星数","子花","生成","颗","P => familyOf(P.type) === 'ground'","P => P.type === 'fan' || P.type === 'barrage'","参数 / 当前层 / 发射器 / 子花"
"310-subSpeed","subSpeed","地面 · 循环","number","子花初速","初速","子花","初速","m/s","P => familyOf(P.type) === 'ground'","P => hasComets(P) && P.burstStars > 0","参数 / 当前层 / 发射器 / 子花"
"311-subBurn","subBurn","地面 · 循环","number","子花燃烧时间","燃烧时间","子花","寿命","s","P => familyOf(P.type) === 'ground'","P => hasComets(P) && P.burstStars > 0","参数 / 当前层 / 发射器 / 子花"
"311b-outPC","outPC","导出方案","select","PC 导出","PC 导出","输出","导出方案","","P => singleSchemeOn(P)","","参数 / 当前层 / 烘焙输出"
"311c-outMobile","outMobile","导出方案","select","手机导出","手机导出","输出","导出方案","","P => singleSchemeOn(P)","","参数 / 当前层 / 烘焙输出"
"311d-dotSize","dotSize","导出方案","number","光点大小","光点大小","输出","导出方案","×","P => singleSchemeOn(P)","P => P.outPC === 'dots'","参数 / 当前层 / 烘焙输出"
"311e-dotBright","dotBright","导出方案","number","光点亮度","光点亮度","输出","导出方案","×","P => singleSchemeOn(P)","P => P.outPC === 'dots'","参数 / 当前层 / 烘焙输出"
"311f-info:schemeNote","info:schemeNote","导出方案","info","导出说明","导出说明","输出","导出方案","","P => singleSchemeOn(P)","","参数 / 当前层 / 烘焙输出"
"312-cutIn","cutIn","入点与出点（导出）","number","入点","入点","输出","入点出点","s","function usesTickPlan40(P) { return familyOf(P.type)==='aerial' && ['master','segments'].includes(P.form); }","","参数 / 当前层 / 烘焙输出"
"313-cutOut","cutOut","入点与出点（导出）","number","出点","出点","输出","入点出点","s","function usesTickPlan40(P) { return familyOf(P.type)==='aerial' && ['master','segments'].includes(P.form); }","","参数 / 当前层 / 烘焙输出"
"314-preRoll","preRoll","入点与出点（导出）","select","入点前处理","入点前处理","输出","入点出点","","function usesTickPlan40(P) { return familyOf(P.type)==='aerial' && ['master','segments'].includes(P.form); }","P => +P.cutIn > 0","参数 / 当前层 / 烘焙输出"
"315-preScale0","preScale0","入点与出点（导出）","number","放大起始大小","放大起始大小","输出","入点出点","×","function usesTickPlan40(P) { return familyOf(P.type)==='aerial' && ['master','segments'].includes(P.form); }","P => +P.cutIn > 0 && +P.preRoll !== 0","参数 / 当前层 / 烘焙输出"
"316-prePivot","prePivot","入点与出点（导出）","select","放大中心","放大中心","输出","入点出点","","function usesTickPlan40(P) { return familyOf(P.type)==='aerial' && ['master','segments'].includes(P.form); }","P => +P.cutIn > 0 && +P.preRoll !== 0","参数 / 当前层 / 烘焙输出"
"317-info:outSummary","info:outSummary","输出：帧数 · 格子 · 贴图（导出）","info","输出概况","输出概况","输出","贴图","","P => !isTrail(P) && !isPhys(P) && !isEmit(P)","function usesTickPlan40(P) { return familyOf(P.type)==='aerial' && ['master','segments'].includes(P.form); }","参数 / 当前层 / 烘焙输出"
"318-info:specBox","info:specBox","输出：帧数 · 格子 · 贴图（导出）","info","贴图规格","贴图规格","输出","贴图","","P => !isTrail(P) && !isPhys(P) && !isEmit(P)","","参数 / 当前层 / 烘焙输出"
"329-fpsFloor","fpsFloor","输出：帧数 · 格子 · 贴图（导出）","number","最低帧率","最低帧率","输出","帧","fps","P => !isTrail(P) && !isPhys(P) && !isEmit(P)","P => !isGround(P) && !usesTickPlan40(P)","参数 / 当前层 / 烘焙输出"
"330-frameBudget","frameBudget","输出：帧数 · 格子 · 贴图（导出）","select","帧数分配","帧数分配","输出","帧","","P => !isTrail(P) && !isPhys(P) && !isEmit(P)","function usesTickPlan40(P) { return familyOf(P.type)==='aerial' && ['master','segments'].includes(P.form); }","参数 / 当前层 / 烘焙输出"
"331-frameCount","frameCount","输出：帧数 · 格子 · 贴图（导出）","number","总帧数","总帧数","输出","帧","帧","P => !isTrail(P) && !isPhys(P) && !isEmit(P)","P => usesTickPlan40(P) && P.frameBudget === 'count'","参数 / 当前层 / 烘焙输出"
"332-outPack","outPack","输出：帧数 · 格子 · 贴图（导出）","select","格子装法","格子装法","输出","贴图","","P => !isTrail(P) && !isPhys(P) && !isEmit(P)","function usesTickPlan40(P) { return familyOf(P.type)==='aerial' && ['master','segments'].includes(P.form); }","参数 / 当前层 / 烘焙输出"
"333-outCell","outCell","输出：帧数 · 格子 · 贴图（导出）","select","单格尺寸","单格尺寸","输出","贴图","","P => !isTrail(P) && !isPhys(P) && !isEmit(P)","function usesTickPlan40(P) { return familyOf(P.type)==='aerial' && ['master','segments'].includes(P.form); }","参数 / 当前层 / 烘焙输出"
"334-pageTarget","pageTarget","输出：帧数 · 格子 · 贴图（导出）","number","初始贴图张数","初始贴图张数","输出","贴图","张","P => !isTrail(P) && !isPhys(P) && !isEmit(P)","P => usesTickPlan40(P) && (P.frameBudget || 'motion') === 'motion'","参数 / 当前层 / 烘焙输出"
"335-maxHoldBurn","maxHoldBurn","输出：帧数 · 格子 · 贴图（导出）","select","燃烧最低帧率","燃烧最低帧率","输出","帧","","P => !isTrail(P) && !isPhys(P) && !isEmit(P)","P => usesTickPlan40(P) && ['motion', 'lean', 'count'].includes(P.frameBudget || 'motion')","参数 / 当前层 / 烘焙输出"
"336-maxHold","maxHold","输出：帧数 · 格子 · 贴图（导出）","select","淡出最低帧率","淡出最低帧率","输出","帧","","P => !isTrail(P) && !isPhys(P) && !isEmit(P)","P => usesTickPlan40(P) && ['motion', 'lean', 'count'].includes(P.frameBudget || 'motion')","参数 / 当前层 / 烘焙输出"
"337-fpsBurst","fpsBurst","输出：帧数 · 格子 · 贴图（导出）","select","开花段帧率","开花段帧率","输出","帧","","P => !isTrail(P) && !isPhys(P) && !isEmit(P)","P => usesTickPlan40(P) && P.frameBudget === 'tiers'","参数 / 当前层 / 烘焙输出"
"338-burstSec","burstSec","输出：帧数 · 格子 · 贴图（导出）","number","开花段时长","开花段时长","输出","帧","s","P => !isTrail(P) && !isPhys(P) && !isEmit(P)","function usesTickPlan40(P) { return familyOf(P.type)==='aerial' && ['master','segments'].includes(P.form); }","参数 / 当前层 / 烘焙输出"
"339-fpsActive","fpsActive","输出：帧数 · 格子 · 贴图（导出）","select","燃烧段帧率","燃烧段帧率","输出","帧","","P => !isTrail(P) && !isPhys(P) && !isEmit(P)","P => usesTickPlan40(P) && P.frameBudget === 'tiers'","参数 / 当前层 / 烘焙输出"
"340-fpsFade","fpsFade","输出：帧数 · 格子 · 贴图（导出）","select","淡出段帧率","淡出段帧率","输出","帧","","P => !isTrail(P) && !isPhys(P) && !isEmit(P)","P => usesTickPlan40(P) && P.frameBudget === 'tiers'","参数 / 当前层 / 烘焙输出"
"341-fadeAt","fadeAt","输出：帧数 · 格子 · 贴图（导出）","number","淡出起点","淡出起点","输出","帧","s","P => !isTrail(P) && !isPhys(P) && !isEmit(P)","P => usesTickPlan40(P) && P.frameBudget !== 'full'","参数 / 当前层 / 烘焙输出"
"342-maxPages","maxPages","输出：帧数 · 格子 · 贴图（导出）","number","贴图张数上限","贴图张数上限","输出","贴图","张","P => !isTrail(P) && !isPhys(P) && !isEmit(P)","P => usesTickPlan40(P) && P.frameBudget === 'tiers'","参数 / 当前层 / 烘焙输出"
"343-shutter","shutter","输出：帧数 · 格子 · 贴图（导出）","number","运动模糊","运动模糊","输出","画质","","P => !isTrail(P) && !isPhys(P) && !isEmit(P)","","参数 / 当前层 / 烘焙输出"
"347-trimLead","trimLead","输出：帧数 · 格子 · 贴图（导出）","number","裁掉开头空白","裁掉开头空白","输出","入点出点","","P => !isTrail(P) && !isPhys(P) && !isEmit(P)","P => P.form === 'master' || usesTickPlan40(P)","参数 / 当前层 / 烘焙输出"
"348-unitElev","unitElev","输出：帧数 · 格子 · 贴图（导出）","number","代表星仰角","代表星仰角","输出","取景","°","P => !isTrail(P) && !isPhys(P) && !isEmit(P)","P => P.form === 'unit' && isAir(P)","参数 / 当前层 / 烘焙输出"
"349-cellPad","cellPad","输出：帧数 · 格子 · 贴图（导出）","number","格子留边","格子留边","输出","贴图","px","P => !isTrail(P) && !isPhys(P) && !isEmit(P)","","参数 / 当前层 / 烘焙输出"
"point17-coreProfile","coreProfile","光点与曝光（4.0）","select","亮核分布","亮核分布","输出","曝光光晕","","() => true","","参数 / 当前层 / 烘焙输出"
"350-exposure","exposure","光点与曝光（4.0）","number","贴图曝光","固定曝光","输出","曝光光晕","×","() => true","P => !P.exposureLock","参数 / 当前层 / 烘焙输出"
"point17-exposureTarget","exposureTarget","光点与曝光（4.0）","number","建议亮部目标","建议亮部目标","输出","曝光光晕","","() => true","","参数 / 当前层 / 烘焙输出"
"351-exposureLock","exposureLock","光点与曝光（4.0）","select","锁定曝光","锁定曝光","输出","曝光光晕","","() => true","","参数 / 当前层 / 烘焙输出"
"352-haloFrac","haloFrac","光点与曝光（4.0）","number","光晕占比","光晕占比","输出","曝光光晕","","() => true","","参数 / 当前层 / 烘焙输出"
"353-haloR","haloR","光点与曝光（4.0）","number","光晕半径倍数","光晕半径倍数","输出","曝光光晕","×","() => true","","参数 / 当前层 / 烘焙输出"
"354-previewBloom","previewBloom","光点与曝光（4.0）","select","预览光晕","预览光晕","输出","曝光光晕","","() => true","","画布 / 预览设置"
"355-qSS","qSS","画质（烘焙采样）","number","空间超采样","空间超采样","输出","画质","×","P => isSeq(P) || isEmit(P)","","参数 / 当前层 / 烘焙输出"
"356-qHz","qHz","画质（烘焙采样）","number","快门采样率","快门采样率","输出","画质","Hz","P => isSeq(P) || isEmit(P)","","参数 / 当前层 / 烘焙输出"
"357-qMaxSub","qMaxSub","画质（烘焙采样）","number","子样本上限","子样本上限","输出","画质","次","P => isSeq(P) || isEmit(P)","","参数 / 当前层 / 烘焙输出"
