曲线,相对时间,值1,值2,值3
DynamicParameter_第三通道_帧号,0,0,,
DynamicParameter_第三通道_帧号,0.0163,30.15,,
DynamicParameter_第三通道_帧号,0.0358,59.11,,
DynamicParameter_第三通道_帧号,0.0788,104.36,,
DynamicParameter_第三通道_帧号,0.1296,133.54,,
DynamicParameter_第三通道_帧号,0.2038,158.23,,
DynamicParameter_第三通道_帧号,0.3991,192.25,,
DynamicParameter_第三通道_帧号,1,256,,
ColorOverLife_线性RGB,0,1,1,1
ColorOverLife_线性RGB,1,1,1,1
SizeByLife_XY倍数,0,0.25,,
SizeByLife_XY倍数,0.0553,0.257,,
SizeByLife_XY倍数,0.1217,0.401,,
SizeByLife_XY倍数,0.2077,0.527,,
SizeByLife_XY倍数,0.3366,0.664,,
SizeByLife_XY倍数,0.4772,0.782,,
SizeByLife_XY倍数,0.7741,0.987,,
SizeByLife_XY倍数,1,1,,
Light_BrightnessOverLife,0,0.601,,
Light_BrightnessOverLife,0.0095,0.496,,
Light_BrightnessOverLife,0.1034,0.847,,
Light_BrightnessOverLife,0.2513,0.979,,
Light_BrightnessOverLife,0.7691,0.99,,
Light_BrightnessOverLife,0.7973,0.591,,
Light_BrightnessOverLife,0.8445,0.271,,
Light_BrightnessOverLife,1,0,,
