tick,time_s,Uniform30,Held3Tier,Steep37
0,0.0000,0,0,0
1,0.0333,1,1,12
2,0.0667,2,2,22
3,0.1000,3,3,22
4,0.1333,4,4,22
5,0.1667,5,5,22
6,0.2000,6,6,22
7,0.2333,7,7,23
8,0.2667,8,8,23
9,0.3000,9,9,23
10,0.3333,10,10,23
11,0.3667,11,11,24
12,0.4000,12,12,24
13,0.4333,13,13,24
14,0.4667,14,14,24
15,0.5000,15,15,25
16,0.5333,16,15,25
17,0.5667,17,16,25
18,0.6000,18,16,25
19,0.6333,19,17,26
20,0.6667,20,17,26
21,0.7000,21,18,26
22,0.7333,22,18,26
23,0.7667,23,19,27
24,0.8000,24,19,27
25,0.8333,25,20,27
26,0.8667,26,20,27
27,0.9000,27,21,27
28,0.9333,28,21,28
29,0.9667,29,22,28
30,1.0000,30,22,28
31,1.0333,31,23,28
32,1.0667,32,23,29
33,1.1000,32,24,29
34,1.1333,33,24,29
35,1.1667,34,25,29
36,1.2000,35,25,30
37,1.2333,36,26,30
38,1.2667,37,26,30
39,1.3000,38,27,30
40,1.3333,39,27,31
41,1.3667,40,28,31
42,1.4000,41,28,31
43,1.4333,42,29,31
44,1.4667,43,29,31
45,1.5000,44,30,32
46,1.5333,45,30,32
47,1.5667,46,31,32
48,1.6000,47,31,32
49,1.6333,48,32,33
50,1.6667,49,32,33
51,1.7000,50,33,33
52,1.7333,51,33,33
53,1.7667,52,34,34
54,1.8000,53,34,34
55,1.8333,54,35,34
56,1.8667,55,35,34
57,1.9000,56,36,35
58,1.9333,57,36,35
59,1.9667,58,37,35
60,2.0000,59,37,35
61,2.0333,60,38,35
62,2.0667,61,38,36
63,2.1000,62,39,36
64,2.1333,,39,36
65,2.1667,,40,36
66,2.2000,,40,37
67,2.2333,,40,37
68,2.2667,,41,37
69,2.3000,,41,37
70,2.3333,,41,38
71,2.3667,,42,38
72,2.4000,,42,38
73,2.4333,,42,38
74,2.4667,,43,39
75,2.5000,,43,39
76,2.5333,,43,39
77,2.5667,,44,39
78,2.6000,,44,39
79,2.6333,,44,40
80,2.6667,,45,40
81,2.7000,,45,40
82,2.7333,,45,40
83,2.7667,,46,41
84,2.8000,,46,41
85,2.8333,,46,41
86,2.8667,,47,41
87,2.9000,,47,42
88,2.9333,,47,42
89,2.9667,,48,42
90,3.0000,,48,42
91,3.0333,,48,43
92,3.0667,,49,43
93,3.1000,,49,43
94,3.1333,,49,43
95,3.1667,,50,43
96,3.2000,,50,44
97,3.2333,,50,44
98,3.2667,,51,44
99,3.3000,,51,44
100,3.3333,,51,45
101,3.3667,,52,45
102,3.4000,,52,45
103,3.4333,,52,45
104,3.4667,,53,46
105,3.5000,,53,46
106,3.5333,,53,46
107,3.5667,,54,46
108,3.6000,,54,47
109,3.6333,,54,47
110,3.6667,,55,47
111,3.7000,,55,47
112,3.7333,,55,47
113,3.7667,,56,48
114,3.8000,,56,48
115,3.8333,,56,48
116,3.8667,,57,48
117,3.9000,,57,49
118,3.9333,,57,49
119,3.9667,,58,49
120,4.0000,,58,49
121,4.0333,,58,50
122,4.0667,,59,50
123,4.1000,,59,50
124,4.1333,,59,50
125,4.1667,,60,51
126,4.2000,,60,51
127,4.2333,,60,51
128,4.2667,,61,51
129,4.3000,,61,51
130,4.3333,,61,52
131,4.3667,,62,52
132,4.4000,,62,52
133,4.4333,,62,52
134,4.4667,,63,53
135,4.5000,,63,53
136,4.5333,,63,53
137,4.5667,,,53
138,4.6000,,,54
139,4.6333,,,54
140,4.6667,,,54
141,4.7000,,,54
142,4.7333,,,55
143,4.7667,,,55
144,4.8000,,,55
145,4.8333,,,55
146,4.8667,,,55
147,4.9000,,,56
148,4.9333,,,56
149,4.9667,,,56
150,5.0000,,,56
151,5.0333,,,57
152,5.0667,,,57
153,5.1000,,,57
154,5.1333,,,57
155,5.1667,,,58
156,5.2000,,,58
157,5.2333,,,58
158,5.2667,,,58
159,5.3000,,,59
160,5.3333,,,59
161,5.3667,,,59
162,5.4000,,,59
163,5.4333,,,59
164,5.4667,,,60
165,5.5000,,,60
166,5.5333,,,60
167,5.5667,,,60
168,5.6000,,,61
169,5.6333,,,61
170,5.6667,,,61
171,5.7000,,,61
172,5.7333,,,62
173,5.7667,,,62
174,5.8000,,,62
175,5.8333,,,62
176,5.8667,,,63
177,5.9000,,,63
178,5.9333,,,63
179,5.9667,,,63
180,6.0000,,,
