段,曲线,相对时间,值1,值2,值3
,DynamicParameter_第三通道_帧号,0,0,,
,DynamicParameter_第三通道_帧号,0.0064,19.59,,
,DynamicParameter_第三通道_帧号,0.0127,33.6,,
,DynamicParameter_第三通道_帧号,0.02,45.03,,
,DynamicParameter_第三通道_帧号,0.0283,54.22,,
,DynamicParameter_第三通道_帧号,0.0502,68.54,,
,DynamicParameter_第三通道_帧号,0.0866,81.05,,
,DynamicParameter_第三通道_帧号,1,256,,
,ColorOverLife_线性RGB,0,1,1,1
,ColorOverLife_线性RGB,0.5667,1,1,1
,ColorOverLife_线性RGB,0.6333,1,0.8714,0.8228
,ColorOverLife_线性RGB,0.65,1,0.8714,0.8228
,ColorOverLife_线性RGB,0.7167,1,0.5776,0.5271
,ColorOverLife_线性RGB,1,1,0.5776,0.5271
,SizeByLife_XY倍数,0,0.128,,
,SizeByLife_XY倍数,0.0095,0.15,,
,SizeByLife_XY倍数,0.0512,0.363,,
,SizeByLife_XY倍数,0.096,0.468,,
,SizeByLife_XY倍数,0.1658,0.584,,
,SizeByLife_XY倍数,0.2595,0.699,,
,SizeByLife_XY倍数,0.6804,1,,
,SizeByLife_XY倍数,1,1,,
,Light_BrightnessOverLife,0,0.112,,
,Light_BrightnessOverLife,0.085,0.751,,
,Light_BrightnessOverLife,0.1464,0.918,,
,Light_BrightnessOverLife,0.256,1,,
,Light_BrightnessOverLife,0.5536,0.799,,
,Light_BrightnessOverLife,0.6633,0.179,,
,Light_BrightnessOverLife,0.7102,0.043,,
,Light_BrightnessOverLife,1,0,,
